date,horizon_days,prob_up,predicted,actual,correct,realized_return
2023-05-01,1,0.5503519052807905,1,0,0,-0.011239232071373118
2023-05-02,1,0.5369194644924404,1,0,0,-0.006864003868551016
2023-05-03,1,0.4791735451432209,0,0,1,-0.007082947425800068
2023-05-04,1,0.5113483064054041,1,1,1,0.018512575986983304
2023-05-05,1,0.4815252863586572,0,1,0,0.0002665471494098792
2023-05-08,1,0.5157585240144333,1,0,0,-0.004385321513347584
2023-05-09,1,0.5582827428068752,1,1,1,0.0046723613801760155
2023-05-10,1,0.5356096193128739,1,0,0,-0.001743977740241598
2023-05-11,1,0.5005895572913349,1,0,0,-0.001310286896183177
2023-05-12,1,0.52701052047278,1,1,1,0.0034500678839837207
2023-05-15,1,0.4951141593713935,0,0,1,-0.006682670396272572
2023-05-16,1,0.5192882499628562,1,1,1,0.01213896645052559
2023-05-17,1,0.5237992883103709,1,1,1,0.009633215071565893
2023-05-18,1,0.508958745907283,1,0,0,-0.0014550863563069782
2023-05-19,1,0.5289921569995286,1,1,1,0.0004061283018428341
2023-05-22,1,0.49252116327245044,0,0,1,-0.011222837486886017
2023-05-23,1,0.5177545244233631,1,0,0,-0.007244801918740551
2023-05-24,1,0.49512518134590006,0,1,0,0.008659898295524604
2023-05-25,1,0.48087897113380773,0,1,0,0.012950669712364915
2023-05-26,1,0.4949243956014898,0,1,0,0.0003809429700838418
2023-05-30,1,0.49463253636392057,0,0,1,-0.005545210654671839
2023-05-31,1,0.551587352615944,1,1,1,0.009501019894013307
2023-06-01,1,0.4660646608192149,0,1,0,0.014461158782416605
2023-06-02,1,0.47620032018813324,0,0,1,-0.0019162630830240612
2023-06-05,1,0.5206221086292535,1,1,1,0.0021774588210983215
2023-06-06,1,0.5077445240722214,1,0,0,-0.003457727240027686
2023-06-07,1,0.51463587377556,1,1,1,0.0060485691329947855
2023-06-08,1,0.4736317994203841,0,1,0,0.0017943024372815142
2023-06-09,1,0.5089992939045469,1,1,1,0.009071863112013467
2023-06-12,1,0.4697415654829293,0,1,0,0.006592936721117715
2023-06-13,1,0.4649358360348169,0,1,0,0.0011908327057916779
2023-06-14,1,0.4202080284154717,0,1,0,0.012397670338390565
2023-06-15,1,0.404279989987892,0,0,1,-0.007094474932526573
2023-06-16,1,0.4707230624928323,0,0,1,-0.0051881828235321725
2023-06-20,1,0.4865109628217257,0,0,1,-0.005123725403500479
2023-06-21,1,0.5112878069449859,1,1,1,0.0036097101103738094
2023-06-22,1,0.4754131955942911,0,0,1,-0.007560006040454259
2023-06-23,1,0.5502462698566981,1,0,0,-0.004085752980273583
2023-06-26,1,0.5211477020093616,1,1,1,0.010963311143060928
2023-06-27,1,0.4980277883396335,0,1,0,0.0005043932731050305
2023-06-28,1,0.503314908590687,1,1,1,0.003941361271775801
2023-06-29,1,0.5006888312448136,1,1,1,0.011800720368392525
2023-06-30,1,0.49593802394528713,0,1,0,0.0011505363811348257
2023-07-03,1,0.4588637386537417,0,0,1,-0.00148719811037068
2023-07-05,1,0.591158706269941,1,0,0,-0.007830661842952336
2023-07-06,1,0.555485882509978,1,0,0,-0.002524714233486991
2023-07-07,1,0.5319537711352271,1,1,1,0.0025311045491687167
2023-07-10,1,0.5001615712966982,1,1,1,0.006368529703967729
2023-07-11,1,0.5105303098693216,1,1,1,0.008045919692956538
2023-07-12,1,0.5150786367139456,1,1,1,0.007936883171425269
2023-07-13,1,0.4762941827158873,0,0,1,-0.0006228285007950918
2023-07-14,1,0.5093947743258057,1,1,1,0.003472216797614669
2023-07-17,1,0.47555158431808436,0,1,0,0.007430587638025177
2023-07-18,1,0.48958551632677905,0,1,0,0.002223760453105461
2023-07-19,1,0.45159860052447737,0,0,1,-0.006634489126235876
2023-07-20,1,0.5091561058084616,1,0,0,0.0
2023-07-21,1,0.4892547933979241,0,1,0,0.004467290822171233
2023-07-24,1,0.4756248771305915,0,1,0,0.0027300532828029578
2023-07-25,1,0.49777464915171304,0,1,0,0.00015371360408278356
2023-07-26,1,0.48955680507623156,0,0,1,-0.006629974021435614
2023-07-27,1,0.4794585937942479,0,1,0,0.009790323076682261
2023-07-28,1,0.44625519365630245,0,1,0,0.0019040424836307412
2023-07-31,1,0.47121541477462164,0,0,1,-0.002861568697747563
2023-08-01,1,0.5243343787309004,1,0,0,-0.013910808689727716
2023-08-02,1,0.5664505912956842,1,0,0,-0.0028658577098359395
2023-08-03,1,0.5070517795641359,1,0,0,-0.004522767123829707
2023-08-04,1,0.538073496801945,1,1,1,0.008728528720920004
2023-08-07,1,0.49128861467310153,0,0,1,-0.004348675405997704
2023-08-08,1,0.5522101781140776,1,0,0,-0.006685236768802283
2023-08-09,1,0.5164978054290641,1,1,1,0.0003589538129207259
2023-08-10,1,0.47094644651080647,0,0,1,-0.0005830991982453959
2023-08-11,1,0.5003762734278996,1,1,1,0.005520007828496709
2023-08-14,1,0.509484588183629,1,0,0,-0.011648860489082202
2023-08-15,1,0.5609168539818635,1,0,0,-0.007338164990194795
2023-08-16,1,0.5113548124209146,1,0,0,-0.007619884432481627
2023-08-17,1,0.5249982193014524,1,1,1,0.00048131162979969666
2023-08-18,1,0.5071985036029073,1,1,1,0.0065062917248353
2023-08-21,1,0.5025987402852318,1,0,0,-0.002708613946659777
2023-08-22,1,0.5403331053518144,1,1,1,0.011137749516813678
2023-08-23,1,0.5130861744931807,1,0,0,-0.013859070825400499
2023-08-24,1,0.5149113481016445,1,1,1,0.007049798505337934
2023-08-25,1,0.4830087236419265,0,1,0,0.006341360859106304
2023-08-28,1,0.47687657568423086,0,1,0,0.014454769525983568
2023-08-29,1,0.4957097737425437,0,1,0,0.004118813092065299
2023-08-30,1,0.49762308778789166,0,0,1,-0.0014633902747576144
2023-08-31,1,0.5213415195518577,1,1,1,0.0018652077861802674
2023-09-01,1,0.49245603932880955,0,0,1,-0.0043219313293283435
2023-09-05,1,0.5182404107303822,1,0,0,-0.006722440297659893
2023-09-06,1,0.5332522162988069,1,0,0,-0.003070223462506516
2023-09-07,1,0.5305203070458332,1,1,1,0.0015060872225780564
2023-09-08,1,0.48828480475980296,0,1,0,0.006576636886363119
2023-09-11,1,0.4986604340856333,0,0,1,-0.005485610225651194
2023-09-12,1,0.5406162903443918,1,1,1,0.001165989243338661
2023-09-13,1,0.510317037968207,1,1,1,0.008622372403159329
2023-09-14,1,0.48885052258815137,0,0,1,-0.015520895420845227
2023-09-15,1,0.5143019423212241,1,1,1,0.0005864396970667318
2023-09-18,1,0.4773063667096995,0,0,1,-0.0020738304839804655
2023-09-19,1,0.5331730014178134,1,0,0,-0.009193324942280201
2023-09-20,1,0.5216641041300357,1,0,0,-0.016528359834683037
2023-09-21,1,0.5455395625046582,1,0,0,-0.0022485481530990503
2023-09-22,1,0.5183353151142026,1,1,1,0.004205189122549191
2023-09-25,1,0.49969025414286317,0,0,1,-0.014691266090073651
2023-09-26,1,0.5621344044499134,1,1,1,0.00039913334321250993
2023-09-27,1,0.5116765826475168,1,1,1,0.005797444646104433
2023-09-28,1,0.4904265985487685,0,0,1,-0.0024269066881511536
2023-09-29,1,0.5274547473325158,1,0,0,-0.00039771082475204
2023-10-02,1,0.5460081131953601,1,0,0,-0.013386069255070021
2023-10-03,1,0.5580366481968101,1,1,1,0.007281973839242228
2023-10-04,1,0.5041029445740949,1,0,0,-0.0003767806262175988
2023-10-05,1,0.5400406934080731,1,1,1,0.011872811648814707
2023-10-06,1,0.5339580986059168,1,1,1,0.00640219757250482
2023-10-09,1,0.507531999758709,1,1,1,0.00520483924107662
2023-10-10,1,0.48629729430101964,0,1,0,0.004096282837700471
2023-10-11,1,0.46626187800512464,0,0,1,-0.00609645126846714
2023-10-12,1,0.517498854983912,1,0,0,-0.004980868984616693
2023-10-13,1,0.5138105042322082,1,1,1,0.010521456651035654
2023-10-16,1,0.472065060694053,0,0,1,-4.591214305493807e-05
2023-10-17,1,0.5263455164197502,1,0,0,-0.013325071567788949
2023-10-18,1,0.550064905320787,1,0,0,-0.00878640397567687
2023-10-19,1,0.5192650554593257,1,0,0,-0.012288043346798672
2023-10-20,1,0.5050189441246168,1,0,0,-0.0017332106225139698
2023-10-23,1,0.5175076513365042,1,1,1,0.0075393937405647815
2023-10-24,1,0.5057090366254381,1,0,0,-0.01435218709667585
2023-10-25,1,0.546577472426536,1,0,0,-0.011974614168780984
2023-10-26,1,0.5430314199605298,1,0,0,-0.004532772203415525
2023-10-27,1,0.5224659247353244,1,1,1,0.011955789786880722
2023-10-30,1,0.49597644963349247,0,1,0,0.006280266349382169
2023-10-31,1,0.5351797863359169,1,1,1,0.010664732962442303
2023-11-01,1,0.5196701186542323,1,1,1,0.019164354406221662
2023-11-02,1,0.4653456450089011,0,1,0,0.009123392577504053
2023-11-03,1,0.4585559957644719,0,1,0,0.002300489991450494
2023-11-06,1,0.45102764389492334,0,1,0,0.0028460378421049093
2023-11-07,1,0.4411304675532801,0,1,0,0.0007323995367287672
2023-11-08,1,0.4207607465343575,0,0,1,-0.007798750513686392
2023-11-09,1,0.505318278580822,1,1,1,0.01560480608246917
2023-11-10,1,0.4559619392556506,0,0,1,-0.0009531851844464256
2023-11-13,1,0.5011263772296665,1,1,1,0.019400732632628648
2023-11-14,1,0.5015649637939715,1,1,1,0.0021170451411642865
2023-11-15,1,0.44997468545440494,0,1,0,0.001223132715498343
2023-11-16,1,0.4302472113440306,0,1,0,0.0012438032670611943
2023-11-17,1,0.4410656661611548,0,1,0,0.00769760011297449
2023-11-20,1,0.39131381870952453,0,0,1,-0.0021794142796411897
2023-11-21,1,0.4708605223028584,0,1,0,0.0038608335923762116
2023-11-22,1,0.4725299051478865,0,1,0,0.0006153548988117041
2023-11-24,1,0.44938197023764503,0,0,1,-0.0018009594303205478
2023-11-27,1,0.5419749861141978,1,1,1,0.000990102267592885
2023-11-28,1,0.4925638228960346,0,0,1,-0.0007034210304240895
2023-11-29,1,0.4854422068060706,0,1,0,0.003937459806426347
2023-11-30,1,0.4695524175165403,0,1,0,0.005915890103284305
2023-12-01,1,0.45462667534692536,0,0,1,-0.005249408908885922
2023-12-04,1,0.48344029364831614,0,0,1,-0.00019706220282800224
2023-12-05,1,0.5086703333405546,1,0,0,-0.004029777295871284
2023-12-06,1,0.5078305471676767,1,1,1,0.007630400972353568
2023-12-07,1,0.47964505847158867,0,1,0,0.004299153642213005
2023-12-08,1,0.5008164603229746,1,1,1,0.003889565362589442
2023-12-11,1,0.4827952464422904,0,1,0,0.004567232870283933
2023-12-12,1,0.4870331832888931,0,1,0,0.013790118104538118
2023-12-13,1,0.46064629942669466,0,1,0,0.003209372509298536
2023-12-14,1,0.43668309945349265,0,0,1,-0.00567789482831127
2023-12-15,1,0.4898940015931161,0,1,0,0.0056250713228847005
2023-12-18,1,0.44655077291088696,0,1,0,0.0060808846108111325
2023-12-19,1,0.462831036863835,0,0,1,-0.013857271129248727
2023-12-20,1,0.542608355657635,1,1,1,0.009481916774461752
2023-12-21,1,0.4714264358787616,0,1,0,0.0020096925426711376
2023-12-22,1,0.4676908690036686,0,1,0,0.004222527236930729
2023-12-26,1,0.48128527495700796,0,1,0,0.0018080855254416495
2023-12-27,1,0.5006244320375765,1,1,1,0.00037773115379002853
2023-12-28,1,0.46318598922434234,0,0,1,-0.002894973411954771
2023-12-29,1,0.5179181507286619,1,0,0,-0.005596355380219964
2024-01-02,1,0.5009969934918925,1,0,0,-0.008166688673242328
2024-01-03,1,0.5143426365971585,1,0,0,-0.0032210792425203527
2024-01-04,1,0.5333162900772395,1,1,1,0.00136965984015891
2024-01-05,1,0.5085004104013444,1,1,1,0.014275928543528549
2024-01-08,1,0.4942174702659643,0,0,1,-0.0015170695563498926
2024-01-09,1,0.5511259625314613,1,1,1,0.0056554246817059894
2024-01-10,1,0.5329522337365519,1,0,0,-0.00044064012118916196
2024-01-11,1,0.5175806560623036,1,1,1,0.00069273972507089
2024-01-12,1,0.49001331867013054,0,0,1,-0.0036712260361014826
2024-01-16,1,0.5501389394232975,1,0,0,-0.0055586805878180545
2024-01-17,1,0.5218714157938684,1,1,1,0.00889280233217904
2024-01-18,1,0.51499168118431,1,1,1,0.01246616416534696
2024-01-19,1,0.5037437546385449,1,1,1,0.002114336891851476
2024-01-22,1,0.49778389961892894,0,1,0,0.0029164817642561847
2024-01-23,1,0.4872659346445873,0,1,0,0.0010931594952936496
2024-01-24,1,0.4780861591933346,0,1,0,0.0054388925424671
2024-01-25,1,0.42483531082497744,0,0,1,-0.0012704037021049608
2024-01-26,1,0.5032920411123104,1,1,1,0.007919380649885843
2024-01-29,1,0.47158443371594433,0,0,1,-0.0007734532410523798
2024-01-30,1,0.5059833988900968,1,0,0,-0.016317320635176435
2024-01-31,1,0.5583249019766022,1,1,1,0.013088152875065928
2024-02-01,1,0.44817941918991666,0,1,0,0.010527378920638375
2024-02-02,1,0.46512411233860723,0,0,1,-0.003641181932482862
2024-02-05,1,0.5098240356671903,1,1,1,0.002903305712719906
2024-02-06,1,0.4945736082135625,0,1,0,0.008340408570300495
2024-02-07,1,0.47713390079794255,0,1,0,0.00044168082314244295
2024-02-08,1,0.47077681797926924,0,1,0,0.005779428560930278
2024-02-09,1,0.4846860487894202,0,0,1,-0.0004389489532021784
2024-02-12,1,0.501797605709497,1,0,0,-0.01377305334094614
2024-02-13,1,0.5614603918792502,1,1,1,0.009087639398436487
2024-02-14,1,0.4571413479248517,0,1,0,0.006899738032515312
2024-02-15,1,0.4881006276281901,0,0,1,-0.004979980381600746
2024-02-16,1,0.5442749798002968,1,0,0,-0.0055053951797489065
2024-02-20,1,0.5374551025945692,1,1,1,0.0009058331600915182
2024-02-21,1,0.47295155841300063,0,1,0,0.020695498324175388
2024-02-22,1,0.4796682061059009,0,1,0,0.0006896671990455072
2024-02-23,1,0.49214277542729884,0,0,1,-0.003662529972996542
2024-02-26,1,0.5222362864019607,1,1,1,0.0018577490850577583
2024-02-27,1,0.49552692728493436,0,0,1,-0.0013216478011487398
2024-02-28,1,0.517642651402105,1,1,1,0.003594944833748892
2024-02-29,1,0.5139717493451081,1,1,1,0.00938826393429193
2024-03-01,1,0.4857768096484142,0,0,1,-0.0010724145835053767
2024-03-04,1,0.5161744724847352,1,0,0,-0.00999413476319766
2024-03-05,1,0.5373499965335187,1,1,1,0.005067249026642129
2024-03-06,1,0.4709104504861728,0,1,0,0.00992642973731006
2024-03-07,1,0.46855689943270484,0,0,1,-0.00600220732414769
2024-03-08,1,0.5301429503386134,1,0,0,-0.0008598499967885642
2024-03-11,1,0.5087350773306073,1,1,1,0.010757374688447952
2024-03-12,1,0.47317255702987476,0,0,1,-0.0015675114126452172
2024-03-13,1,0.5092529192324521,1,0,0,-0.001976778793354672
2024-03-14,1,0.5614023684528894,1,0,0,-0.009942762430127261
2024-03-15,1,0.5142714000384594,1,1,1,0.005943155285291102
2024-03-18,1,0.4563552604524204,0,1,0,0.005557143669806974
2024-03-19,1,0.4819803073158764,0,1,0,0.009249303470675319
2024-03-20,1,0.5144696112234308,1,1,1,0.003304702971922424
2024-03-21,1,0.505609058471074,1,0,0,-0.001895806609024997
2024-03-22,1,0.5442149072127668,1,0,0,-0.0027628065092766274
2024-03-25,1,0.5131937026331813,1,0,0,-0.0018470129799368351
2024-03-26,1,0.5449762196331135,1,1,1,0.008403819070718743
2024-03-27,1,0.50917845122398,1,0,0,-0.00019109579907738983
2024-03-28,1,0.52181284489147,1,0,0,-0.0017397942282005863
2024-04-01,1,0.5072489552357269,1,0,0,-0.006358101845817976
2024-04-02,1,0.5577396991455583,1,1,1,0.0010985010013910834
2024-04-03,1,0.4929131681570934,0,0,1,-0.012206091812080655
2024-04-04,1,0.5081980128544228,1,1,1,0.010446888874904303
2024-04-05,1,0.4662778181638011,0,1,0,0.0005593388334788063
2024-04-08,1,0.4916834784120395,0,1,0,0.0011567640634317922
2024-04-09,1,0.5082927300869433,1,0,0,-0.010013117410638928
2024-04-10,1,0.5469331660292137,1,1,1,0.007546885784763369
2024-04-11,1,0.47627210367151435,0,0,1,-0.013803077020240084
2024-04-12,1,0.5198425560064539,1,0,0,-0.012528127278102597
2024-04-15,1,0.4644061827556996,0,0,1,-0.0018237950351299714
2024-04-16,1,0.5071159516072881,1,0,0,-0.005918239218224541
2024-04-17,1,0.5303976899671173,1,0,0,-0.002057734101319819
2024-04-18,1,0.5681790803258675,1,0,0,-0.00872835011101658
2024-04-19,1,0.5885675525109552,1,1,1,0.00920913952029423
2024-04-22,1,0.48550798878724094,0,1,0,0.011866630635747333
2024-04-23,1,0.5062197485883572,1,0,0,-0.00047461729906428385
2024-04-24,1,0.5345279774738627,1,0,0,-0.003798922486342393
2024-04-25,1,0.5719836022148822,1,1,1,0.009473911346339792
2024-04-26,1,0.4873387957078665,0,1,0,0.0035414704253415863
2024-04-29,1,0.4882051340202799,0,0,1,-0.015841247325688257
2024-04-30,1,0.5585789428548474,1,0,0,-0.0032471509764099293
2024-05-01,1,0.5159775991018342,1,1,1,0.009353437830903255
2024-05-02,1,0.46513798334884204,0,1,0,0.012395322615995186
2024-05-03,1,0.4892104998296825,0,1,0,0.010326817835387025
2024-05-06,1,0.49919883560590633,0,1,0,0.0011034464179817682
2024-05-07,1,0.5023101630395541,1,1,1,9.666200942248793e-05
2024-05-08,1,0.46418076987322954,0,1,0,0.005761867891264316
2024-05-09,1,0.44841121178219373,0,1,0,0.0012881249732326072
2024-05-10,1,0.45112886440970185,0,1,0,0.0001342951490974631
2024-05-13,1,0.4325839980189613,0,1,0,0.004588152985457228
2024-05-14,1,0.45705677381858884,0,1,0,0.012383033929039389
2024-05-15,1,0.3949862357080091,0,0,1,-0.002057508390634233
2024-05-16,1,0.5015410509336583,1,1,1,0.0014375338328991294
2024-05-17,1,0.4985604594396139,0,1,0,0.0011521113183465825
2024-05-20,1,0.4396618851131865,0,1,0,0.0024525295229904653
2024-05-21,1,0.44100733613804377,0,0,1,-0.0028793441431358424
2024-05-22,1,0.5088471361326641,1,0,0,-0.007304220207159928
2024-05-23,1,0.4859336240635378,0,1,0,0.006616435324681147
2024-05-24,1,0.46019676209153776,0,1,0,0.0006988423909817243
2024-05-28,1,0.47476163140086286,0,0,1,-0.007002551838871107
2024-05-29,1,0.5490127582575154,1,0,0,-0.0066337015706721125
2024-05-30,1,0.5359159096493458,1,1,1,0.009108149287317735
2024-05-31,1,0.4990674999682649,0,1,0,0.0008153529396106585
2024-06-03,1,0.46063867702233435,0,1,0,0.0011178985773303562
2024-06-04,1,0.5008258267819702,1,1,1,0.011885100186643571
2024-06-05,1,0.5149525687669192,1,0,0,-1.8721390661391446e-05
2024-06-06,1,0.5253196461875137,1,0,0,-0.0012156574487586225
2024-06-07,1,0.5705933744807913,1,1,1,0.003089761144422054
2024-06-10,1,0.5151019306409057,1,1,1,0.0024083170801936227
2024-06-11,1,0.5152331409241944,1,1,1,0.008213005017738695
2024-06-12,1,0.5243217772431311,1,1,1,0.002013497275312748
2024-06-13,1,0.460776141486127,0,1,0,0.0006083824913212244
2024-06-14,1,0.4725322502425971,0,1,0,0.007958926371441244
2024-06-17,1,0.4616822976381275,0,1,0,0.0025406958699802917
2024-06-18,1,0.4212995550908418,0,0,1,-0.002716531314889248
2024-06-20,1,0.5040674249994814,1,0,0,-0.004552084523537503
2024-06-21,1,0.48656316720735576,0,0,1,-0.003250664817000981
2024-06-24,1,0.48655692608494966,0,1,0,0.0038508805193555595
2024-06-25,1,0.47636144415717935,0,1,0,0.0012480822540090752
2024-06-26,1,0.4994776792415255,0,1,0,0.0015764795075565718
2024-06-27,1,0.490053687867647,0,0,1,-0.003935107039692687
2024-06-28,1,0.5514308144922724,1,1,1,0.00205809454382333
2024-07-01,1,0.4643717925492555,0,1,0,0.006729714910746587
2024-07-02,1,0.49374191706251025,0,1,0,0.004462600250361826
2024-07-03,1,0.49589365041654093,0,1,0,0.005766497205737409
2024-07-05,1,0.5076489420502206,1,1,1,0.0011539280101222626
2024-07-08,1,0.472993539435827,0,1,0,0.000972442729531453
2024-07-09,1,0.4650659041496391,0,1,0,0.009895289711641775
2024-07-10,1,0.47921752274617807,0,0,1,-0.008622580332635743
2024-07-11,1,0.5311399611816051,1,1,1,0.006307522083127459
2024-07-12,1,0.4780933372333774,0,1,0,0.002750118911688748
2024-07-15,1,0.46084850969926305,0,1,0,0.005930147776526118
2024-07-16,1,0.4711895714487085,0,0,1,-0.014021143496696697
2024-07-17,1,0.5610979315814532,1,0,0,-0.007684901925006371
2024-07-18,1,0.4863930947286854,0,0,1,-0.0066405802636198
2024-07-19,1,0.5037860179206167,1,1,1,0.01030990415193389
2024-07-22,1,0.4639136024444428,0,0,1,-0.0015685478750434578
2024-07-23,1,0.5356018697905566,1,0,0,-0.022662516096977336
2024-07-24,1,0.5767800669931848,1,0,0,-0.005210367913795921
2024-07-25,1,0.48455169825542527,0,1,0,0.011199698366761712
2024-07-26,1,0.46111647556901797,0,1,0,0.0005877733502015481
2024-07-29,1,0.49512246128455506,0,0,1,-0.005066469116946526
2024-07-30,1,0.5480283209710276,1,1,1,0.01625460804168588
2024-07-31,1,0.48860749769400724,0,0,1,-0.014160940846283387
2024-08-01,1,0.47136441001055074,0,0,1,-0.01861841433811906
2024-08-02,1,0.5131231277228933,1,0,0,-0.0291236982927795
2024-08-05,1,0.5478811122336522,1,1,1,0.00921956682947278
2024-08-06,1,0.42264389385260853,0,0,1,-0.0066840009697359815
2024-08-07,1,0.49690040606589136,0,1,0,0.023117363765007726
2024-08-08,1,0.5033195256638399,1,1,1,0.004409621620005133
2024-08-09,1,0.5339648073506121,1,1,1,0.000525393163109511
2024-08-12,1,0.5016975889054913,1,1,1,0.016445624495827982
2024-08-13,1,0.47901471449826166,0,1,0,0.0031547893918812964
2024-08-14,1,0.442292609993339,0,1,0,0.017140243354885065
2024-08-15,1,0.4608806360917019,0,1,0,0.0022420131591913695
2024-08-16,1,0.43718829937787546,0,1,0,0.009561414761256382
2024-08-19,1,0.4101947791709573,0,0,1,-0.0016260845380726696
2024-08-20,1,0.5096424621253937,1,1,1,0.003436518468241667
2024-08-21,1,0.4799291572231145,0,0,1,-0.007848497114596786
2024-08-22,1,0.5002610456432686,1,1,1,0.010625354160183287
2024-08-23,1,0.427012337950753,0,0,1,-0.002383837980234005
2024-08-26,1,0.46760984446282283,0,1,0,0.0013730978823098816
2024-08-27,1,0.4645412260788157,0,0,1,-0.005805274200081922
2024-08-28,1,0.5029114488981846,1,1,1,8.953572284031708e-05
2024-08-29,1,0.4507150880245961,0,1,0,0.009546014727143781
2024-08-30,1,0.4721568348987415,0,0,1,-0.020579008899841544
2024-09-03,1,0.4977035881769777,0,0,1,-0.0020468135919301522
2024-09-04,1,0.507797976853473,1,0,0,-0.0024322113182296823
2024-09-05,1,0.5244973116591936,1,0,0,-0.01683011634892906
2024-09-06,1,0.5438574895552056,1,1,1,0.011196217256969065
2024-09-09,1,0.4940146093358486,0,1,0,0.0043557127427886755
2024-09-10,1,0.4990576239940266,0,1,0,0.010258942597767273
2024-09-11,1,0.5207609524976016,1,1,1,0.008423296578884854
2024-09-12,1,0.4699222836383025,0,1,0,0.005222741901835137
2024-09-13,1,0.4651704483146679,0,1,0,0.0014768724318450221
2024-09-16,1,0.47273968534171973,0,1,0,0.00040860716682655784
2024-09-17,1,0.45836252445860626,0,0,1,-0.0029658530705484187
2024-09-18,1,0.5004881213726793,1,1,1,0.01706440263283948
2024-09-19,1,0.46867871857057386,0,0,1,-0.004781219240837187
2024-09-20,1,0.515302487036196,1,1,1,0.0024988700574681832
2024-09-23,1,0.47483643956391475,0,1,0,0.0028613143253319873
2024-09-24,1,0.4861633423821225,0,0,1,-0.0022055133774685487
2024-09-25,1,0.496558871257292,0,1,0,0.003964651345061521
2024-09-26,1,0.47790563083003673,0,0,1,-0.0014503182029491635
2024-09-27,1,0.4824248346185633,0,1,0,0.0040072780371684935
2024-09-30,1,0.48647053585172534,0,0,1,-0.0089584749040581
2024-10-01,1,0.4903433034293811,0,1,0,0.00042205732551758857
2024-10-02,1,0.4684934716916221,0,0,1,-0.0018281792604923908
2024-10-03,1,0.5308851679031574,1,1,1,0.009087339434985742
2024-10-04,1,0.4975614684600772,0,0,1,-0.009040442689714157
2024-10-07,1,0.5469882558439885,1,1,1,0.009457547081078044
2024-10-08,1,0.4941821839540773,0,1,0,0.006926447400689373
2024-10-09,1,0.5245626988736936,1,0,0,-0.0017500255397128184
2024-10-10,1,0.5514799981602702,1,1,1,0.005988252959907792
2024-10-11,1,0.5270029075909141,1,1,1,0.008178318945803564
2024-10-14,1,0.4979946170828448,0,0,1,-0.0077696775233381254
2024-10-15,1,0.5457417872416453,1,1,1,0.00434640444437151
2024-10-16,1,0.500150347585416,1,1,1,8.584543021927793e-05
2024-10-17,1,0.5061080709154546,1,1,1,0.0038465722734466468
2024-10-18,1,0.5045636187618375,1,0,0,-0.0016422140791901851
2024-10-21,1,0.5284050971342499,1,0,0,-0.0005311542518380286
2024-10-22,1,0.5270031290737054,1,0,0,-0.009137380893711078
2024-10-23,1,0.5440404796723625,1,1,1,0.0021626672107126765
2024-10-24,1,0.48090998059789675,0,0,1,-0.00034530110213959464
2024-10-25,1,0.514157369558236,1,1,1,0.003091391148152267
2024-10-28,1,0.4886962814842631,0,1,0,0.0016183778622804734
2024-10-29,1,0.5294539033166604,1,0,0,-0.0030252672130528513
2024-10-30,1,0.5134326896165678,1,0,0,-0.01960310154264744
2024-10-31,1,0.526274942943852,1,1,1,0.004220532001058652
2024-11-01,1,0.46658515877065915,0,0,1,-0.0021539305759273875
2024-11-04,1,0.5023358161385698,1,1,1,0.012091775640930225
2024-11-05,1,0.5130079473683588,1,1,1,0.024865554910313614
2024-11-06,1,0.5198161198685861,1,1,1,0.0077321458684938005
2024-11-07,1,0.48245219954148066,0,1,0,0.004331722357409529
2024-11-08,1,0.48320708287775255,0,1,0,0.0009528867448342915
2024-11-11,1,0.44320520649821066,0,0,1,-0.003106395419244068
2024-11-12,1,0.48643518536454583,0,1,0,0.000485806693723001
2024-11-13,1,0.4747871990176933,0,0,1,-0.006430159312396544
2024-11-14,1,0.48758418021972605,0,0,1,-0.012808588351979733
2024-11-15,1,0.5485411314441966,1,1,1,0.004097352819568911
2024-11-18,1,0.4670268829848873,0,1,0,0.003655467635231613
2024-11-19,1,0.5090590185510314,1,1,1,0.000338831460557909
2024-11-20,1,0.47377447988618393,0,1,0,0.005368302980789608
2024-11-21,1,0.4543268439316476,0,1,0,0.003099410292649374
2024-11-22,1,0.44244640649153166,0,1,0,0.003392083253218603
2024-11-25,1,0.4380561864020407,0,1,0,0.005221486727384761
2024-11-26,1,0.4450797052204471,0,0,1,-0.0030300628489846604
2024-11-27,1,0.50638396987958,1,1,1,0.006212064520751737
2024-11-29,1,0.5002729944292774,1,1,1,0.0017924107737512518
2024-12-02,1,0.5086429745599391,1,1,1,0.000463807728996235
2024-12-03,1,0.4963937185626084,0,1,0,0.006209534809425099
2024-12-04,1,0.5222874362391094,1,0,0,-0.00164565718361398
2024-12-05,1,0.5110200622859374,1,1,1,0.0018956655539701384
2024-12-06,1,0.49046348532965,0,0,1,-0.005149643631043976
2024-12-09,1,0.5092947037378989,1,0,0,-0.003109090602606557
2024-12-10,1,0.5101565002046617,1,1,1,0.007730647435394422
2024-12-11,1,0.4789143543900534,0,0,1,-0.005152610492206833
2024-12-12,1,0.530439809223288,1,0,0,-0.00019855892276432474
2024-12-13,1,0.5314096044366764,1,1,1,0.004269965675617771
2024-12-16,1,0.5053304228411907,1,0,0,-0.004120041679210651
2024-12-17,1,0.525003708545484,1,0,0,-0.029803487374158943
2024-12-18,1,0.4740375362764596,0,0,1,-0.0003071121340316729
2024-12-19,1,0.44284998477649207,0,1,0,0.008616360754965635
2024-12-20,1,0.4386641374153137,0,1,0,0.005988290418921238
2024-12-23,1,0.46481895099494125,0,1,0,0.011115010046286677
2024-12-24,1,0.5076257399795622,1,1,1,6.658749927290764e-05
2024-12-26,1,0.5105159817662008,1,0,0,-0.010526518786625139
2024-12-27,1,0.5369621692371118,1,0,0,-0.01141163837760406
2024-12-30,1,0.5035899305691474,1,0,0,-0.0036380159121820466
2024-12-31,1,0.5021390944682373,1,0,0,-0.0024570065510107764
2025-01-02,1,0.5193262356283479,1,1,1,0.012503416419400448
2025-01-03,1,0.4992671707509484,0,1,0,0.005760576187535671
2025-01-06,1,0.5229699727493282,1,0,0,-0.011304052395755049
2025-01-07,1,0.529718801601104,1,1,1,0.0014609947580461746
2025-01-08,1,0.4941717670401975,0,0,1,-0.015267434815002923
2025-01-10,1,0.5183638057966921,1,1,1,0.0015504563889190415
2025-01-13,1,0.47374230924277194,0,1,0,0.0013759916283606621
2025-01-14,1,0.4924176837229549,0,1,0,0.018189984044830076
2025-01-15,1,0.48394827541473484,0,0,1,-0.0019231664227786771
2025-01-16,1,0.5447020211747761,1,1,1,0.010039892999691435
2025-01-17,1,0.5280272193525274,1,1,1,0.00915353684308795
2025-01-21,1,0.490023939298478,0,1,0,0.005621448830210873
2025-01-22,1,0.48680468188839676,0,1,0,0.005458079192118603
2025-01-23,1,0.4702979285749854,0,0,1,-0.0029192772396473554
2025-01-24,1,0.49766735235295506,0,0,1,-0.01414539533258774
2025-01-27,1,0.5815660689918609,1,1,1,0.008592396109277312
2025-01-28,1,0.458474648725859,0,0,1,-0.0044829317228528565
2025-01-29,1,0.5109843893599527,1,1,1,0.005367110021191612
2025-01-30,1,0.5121540340445047,1,0,0,-0.00532191395620385
2025-01-31,1,0.5297368419715213,1,0,0,-0.006729566554251942
2025-02-03,1,0.4995452725156818,0,1,0,0.006708281838506247
2025-02-04,1,0.4730747665654252,0,1,0,0.004054540342757651
2025-02-05,1,0.500470227186453,1,1,1,0.003475616038725038
2025-02-06,1,0.5108858881340204,1,0,0,-0.009153562023232031
2025-02-07,1,0.5396598924428355,1,1,1,0.0067912111491030824
2025-02-10,1,0.4809168704629754,0,1,0,0.000760555495121995
2025-02-11,1,0.5315792883664728,1,0,0,-0.0032215099947072723
2025-02-12,1,0.5713942036566801,1,1,1,0.010557536581541571
2025-02-13,1,0.5203932328891626,1,0,0,-4.9150054415414424e-05
2025-02-14,1,0.525939656063116,1,1,1,0.0029358340027980656
2025-02-18,1,0.5384573593032463,1,1,1,0.0023549076262954216
2025-02-19,1,0.532700110210417,1,0,0,-0.00416032470826988
2025-02-20,1,0.5398088020408504,1,0,0,-0.017104102948802602
2025-02-21,1,0.5332830401847075,1,0,0,-0.004550422471648163
2025-02-24,1,0.46234048934121963,0,0,1,-0.004973177992678157
2025-02-25,1,0.5066065775901816,1,1,1,0.0005048259926943022
2025-02-26,1,0.4774274839094249,0,0,1,-0.01596190430433686
2025-02-27,1,0.5284658193334487,1,1,1,0.015605512474676564
2025-02-28,1,0.45623782348496683,0,0,1,-0.017519898469909534
2025-03-03,1,0.467141271925529,0,0,1,-0.011836911709231068
2025-03-04,1,0.5090731063104199,1,1,1,0.010747863198125485
2025-03-05,1,0.45925001722757475,0,0,1,-0.017751133038238276
2025-03-06,1,0.5267739435604968,1,1,1,0.005604862520902865
2025-03-07,1,0.5050275887538561,1,0,0,-0.02663558528182819
2025-03-10,1,0.5380691032654253,1,0,0,-0.008312879584754462
2025-03-11,1,0.5112247147116414,1,1,1,0.005306541044969082
2025-03-12,1,0.5035865598786006,1,0,0,-0.01333049237232553
2025-03-13,1,0.5514352879175509,1,1,1,0.020655788693630495
2025-03-14,1,0.5163597579968692,1,1,1,0.007711353519474162
2025-03-17,1,0.5162239110499488,1,0,0,-0.010808436249554187
2025-03-18,1,0.571993497161346,1,1,1,0.010890850841058342
2025-03-19,1,0.5000867566698489,1,0,0,-0.0028917790177164227
2025-03-20,1,0.5133992879364018,1,0,0,-0.0026702678945725866
2025-03-21,1,0.5503823375899046,1,1,1,0.017908502022889516
2025-03-24,1,0.47155372428391357,0,1,0,0.0024038545877420603
2025-03-25,1,0.4893118082528984,0,0,1,-0.011938266525687413
2025-03-26,1,0.5463620659502103,1,0,0,-0.0026557092004866334
2025-03-27,1,0.522254022026024,1,0,0,-0.020138328985595644
2025-03-28,1,0.5364600165735857,1,1,1,0.0067128130226792315
2025-03-31,1,0.4761354519738071,0,1,0,0.0028244266313557365
2025-04-01,1,0.47173311601966156,0,1,0,0.006328411525621025
2025-04-02,1,0.5001882358198906,1,0,0,-0.04928081620084812
2025-04-03,1,0.5691688730178195,1,0,0,-0.058542971330535654
2025-04-04,1,0.4883442887967524,0,0,1,-0.0017811785518102585
2025-04-07,1,0.3991268483340217,0,0,1,-0.0156627816725603
2025-04-08,1,0.4128389415765726,0,1,0,0.10501930183911301
2025-04-09,1,0.39408305421681544,0,0,1,-0.04381899719533322
2025-04-10,1,0.5880912599290462,1,1,1,0.017842817199724692
2025-04-11,1,0.4679486321871245,0,1,0,0.009701450822369617
2025-04-14,1,0.4337096205123502,0,0,1,-0.0028008788011967267
2025-04-15,1,0.4487954577647876,0,0,1,-0.02222803246337901
2025-04-16,1,0.5781408998265691,1,1,1,0.001426777837987947
2025-04-17,1,0.4478631869259516,0,0,1,-0.023802680232045126
2025-04-21,1,0.49345394244384577,0,1,0,0.02601773758493775
2025-04-22,1,0.47395625210072573,0,1,0,0.015495463082325855
2025-04-23,1,0.47895930427474886,0,1,0,0.02104893334386637
2025-04-24,1,0.46147961416218597,0,1,0,0.00722532365580375
2025-04-25,1,0.46441989867480415,0,1,0,0.00038130345037501456
2025-04-28,1,0.3923599455092256,0,1,0,0.006299413437552026
2025-04-29,1,0.3967011515914548,0,1,0,0.000396829809890642
2025-04-30,1,0.4355316164632296,0,1,0,0.007086942026725218
2025-05-01,1,0.3401193783118816,0,1,0,0.014844198430334021
2025-05-02,1,0.35475469242335544,0,0,1,-0.005734349537724115
2025-05-05,1,0.46354761506927256,0,0,1,-0.008358364343191038
2025-05-06,1,0.5156007904470605,1,1,1,0.0042055058561747405
2025-05-07,1,0.4408705029124479,0,1,0,0.0069677857514378605
2025-05-08,1,0.44952345941777877,0,0,1,-0.0012741491279434358
2025-05-09,1,0.48016897616285864,0,1,0,0.03304738719814848
2025-05-12,1,0.4753615543438948,0,1,0,0.006603949785734642
2025-05-13,1,0.4287687900288898,0,1,0,0.0012780314322096142
2025-05-14,1,0.4292194002525857,0,1,0,0.004884349607746863
2025-05-15,1,0.4148510539421853,0,1,0,0.00633402786844095
2025-05-16,1,0.37566122938766744,0,1,0,0.0010938461217664397
2025-05-19,1,0.4033417713272873,0,0,1,-0.0033621922872737464
2025-05-20,1,0.4707519303729114,0,0,1,-0.016850789652983478
2025-05-21,1,0.5080567914142156,1,1,1,0.00039467712604679406
2025-05-22,1,0.4545039430980803,0,0,1,-0.006825775301577575
2025-05-23,1,0.5134322815109825,1,1,1,0.02079059136787431
2025-05-27,1,0.44678973079050255,0,0,1,-0.005785407771406903
2025-05-28,1,0.5211592070187765,1,1,1,0.003947403401760141
2025-05-29,1,0.4720454509313649,0,0,1,-0.0011185037847383228
2025-05-30,1,0.4990152648714198,0,1,0,0.005632954820585345
2025-06-02,1,0.45834426487575036,0,1,0,0.005702628195088044
2025-06-03,1,0.4964564162260798,0,0,1,-0.0002684731709600152
2025-06-04,1,0.5156514083129844,1,0,0,-0.004832790626766448
2025-06-05,1,0.5369847196219831,1,1,1,0.010268994150278488
2025-06-06,1,0.4719117089417329,0,1,0,0.0009012551559597348
2025-06-09,1,0.5088551900814019,1,1,1,0.005669731282665458
2025-06-10,1,0.5275760382978111,1,0,0,-0.0028520788113346462
2025-06-11,1,0.5190308989826677,1,1,1,0.003974349319302073
2025-06-12,1,0.4874256849215917,0,0,1,-0.011180124223602483
2025-06-13,1,0.5256656074712902,1,1,1,0.00951422558757331
2025-06-16,1,0.47766836924397243,0,0,1,-0.008545104270081039
2025-06-17,1,0.518438421152089,1,0,0,-0.00015066498929716676
2025-06-18,1,0.512920854756859,1,0,0,-0.005289189092826385
2025-06-20,1,0.5298231618310291,1,1,1,0.00987749011881256
2025-06-23,1,0.47321926409260545,0,1,0,0.011047245877038092
2025-06-24,1,0.5036842364009159,1,1,1,0.0005602785258216336
2025-06-25,1,0.5136870753906129,1,1,1,0.007823824018649228
2025-06-26,1,0.5025898174909946,1,1,1,0.004968339764334306
2025-06-27,1,0.46396886734700293,0,1,0,0.004781191670012452
2025-06-30,1,0.4477383796617338,0,0,1,-0.00032362414789344207
2025-07-01,1,0.5130479517825292,1,1,1,0.004533291803274775
2025-07-02,1,0.48958676557885406,0,1,0,0.00788139987465386
2025-07-03,1,0.4757126772671263,0,0,1,-0.007452000479036269
2025-07-07,1,0.5280595264213377,1,0,0,-0.0005477312372305088
2025-07-08,1,0.508222418770869,1,1,1,0.005996663994070728
2025-07-09,1,0.476344309765497,0,1,0,0.002820257303000284
2025-07-10,1,0.46682050200963815,0,0,1,-0.0035154072757080934
2025-07-11,1,0.5161047064456153,1,1,1,0.0019082172648787754
2025-07-14,1,0.4719834908837334,0,0,1,-0.004273271747553764
2025-07-15,1,0.5090504924374868,1,1,1,0.0033432282214846953
2025-07-16,1,0.47108541192927694,0,1,0,0.006119649327969823
2025-07-17,1,0.4681078677644025,0,0,1,-0.0007323752525193461
2025-07-18,1,0.5098396027669001,1,1,1,0.0018961764380651669
2025-07-21,1,0.4998537754588889,0,1,0,0.00014308223598114012
2025-07-22,1,0.4860962739616106,0,1,0,0.008507516372031176
2025-07-23,1,0.48427690424868863,0,1,0,0.0003310590028946514
2025-07-24,1,0.4918572191404725,0,1,0,0.004224319453948855
2025-07-25,1,0.45698096627779367,0,0,1,-0.0002510958258695739
2025-07-28,1,0.512121896682013,1,0,0,-0.002637599568784843
2025-07-29,1,0.5168073866114893,1,0,0,-0.0012593076546151272
2025-07-30,1,0.5295107198121513,1,0,0,-0.003751229077306739
2025-07-31,1,0.5007515001302063,1,0,0,-0.01639040328219421
2025-08-01,1,0.5298532938553745,1,1,1,0.01519978873502148
2025-08-04,1,0.4497441945677571,0,0,1,-0.0050699689365404366
2025-08-05,1,0.5134683087977959,1,1,1,0.007659695237280717
2025-08-06,1,0.5157335629608192,1,0,0,-0.0008376201402309214
2025-08-07,1,0.5302002955565882,1,1,1,0.007797536853746623
2025-08-08,1,0.4946589476751866,0,0,1,-0.0019774785462639555
2025-08-11,1,0.531997304277839,1,1,1,0.010646024206171889
2025-08-12,1,0.5156740054989923,1,1,1,0.0034231312120525104
2025-08-13,1,0.5113417099054063,1,1,1,9.303533506632711e-05
2025-08-14,1,0.5074640076317601,1,0,0,-0.002341281862229483
2025-08-15,1,0.5350219694065905,1,0,0,-0.00021760326977848798
2025-08-18,1,0.5189571117245354,1,0,0,-0.005425136484688009
2025-08-19,1,0.5654833603330015,1,0,0,-0.0026570578976855552
2025-08-20,1,0.5391258124148245,1,0,0,-0.004011843753210287
2025-08-21,1,0.5158982333902584,1,1,1,0.015356793254796441
2025-08-22,1,0.5095815743772479,1,0,0,-0.0044010272058598865
2025-08-25,1,0.5137997255106925,1,1,1,0.004186969919329098
2025-08-26,1,0.5162009023185499,1,1,1,0.0022785538462906096
2025-08-27,1,0.49872606476736286,0,1,0,0.003541403909580021
2025-08-28,1,0.4898116827209168,0,0,1,-0.0059637477949624484
2025-08-29,1,0.5259705993264683,1,0,0,-0.007410229210411012
2025-09-02,1,0.5274527382488544,1,1,1,0.005419542688669621
2025-09-03,1,0.4858508913536299,0,1,0,0.008357419089116691
2025-09-04,1,0.5008734027953825,1,0,0,-0.002896236284437803
2025-09-05,1,0.5352955594649164,1,1,1,0.002456626412859597
2025-09-08,1,0.5111290681668312,1,1,1,0.002311853583358836
2025-09-09,1,0.5025254821736973,1,1,1,0.0028908474672986184
2025-09-10,1,0.4890184722808734,0,1,0,0.008310180352278485
2025-09-11,1,0.47533893073733424,0,0,1,-0.00033458287585352853
2025-09-12,1,0.5299241914923161,1,1,1,0.005323922883704979
2025-09-15,1,0.49151137639233183,0,0,1,-0.0013768488621856978
2025-09-16,1,0.5134829073224806,1,0,0,-0.0012424353397253451
2025-09-17,1,0.5291686800900961,1,1,1,0.004672497836806455
2025-09-18,1,0.4724061079723614,0,1,0,0.0021743762573189773
2025-09-19,1,0.4692598774385057,0,1,0,0.004731075170536503
2025-09-22,1,0.44777243726674193,0,0,1,-0.005443591771073009
2025-09-23,1,0.5069597955385073,1,0,0,-0.0031815658943793457
2025-09-24,1,0.5002246025829737,1,0,0,-0.004613504621998388
2025-09-25,1,0.5324332914324339,1,1,1,0.0057290777314567
2025-09-26,1,0.4742964157710887,0,1,0,0.0028104096748033935
2025-09-29,1,0.4977765136397167,0,1,0,0.003766875644270362
2025-09-30,1,0.4945879642279071,0,1,0,0.0034075168215907947
2025-10-01,1,0.4809395389593145,0,1,0,0.0011518565068935338
2025-10-02,1,0.46526780119901423,0,0,1,-1.4866158967619114e-05
2025-10-03,1,0.5388412276322437,1,1,1,0.003586263355458641
2025-10-06,1,0.5001209522043502,1,0,0,-0.003707494362329311
2025-10-07,1,0.5372917188806171,1,1,1,0.005963041402874625
2025-10-08,1,0.5086122641343278,1,0,0,-0.0028970186885769467
2025-10-09,1,0.5392389897516151,1,0,0,-0.027027764376787222
2025-10-10,1,0.5234480274703815,1,1,1,0.015344029580113494
2025-10-13,1,0.44094160988293324,0,0,1,-0.0012216421112398734
2025-10-14,1,0.5075461143493559,1,1,1,0.00443954899070742
2025-10-15,1,0.4854271654217385,0,0,1,-0.006810241559458086
2025-10-16,1,0.5236129521615573,1,1,1,0.0056763137515907225
2025-10-17,1,0.46426121175320034,0,1,0,0.010400477117627371
2025-10-20,1,0.4879465991763376,0,0,1,-1.4911017141350236e-05
2025-10-21,1,0.5445295492740494,1,0,0,-0.005198930936866852
2025-10-22,1,0.5560346607177843,1,1,1,0.005929952148911788
2025-10-23,1,0.4947438263296361,0,1,0,0.008172546972973871
2025-10-24,1,0.5076384923240623,1,1,1,0.011797696913067535
2025-10-27,1,0.5009454389358515,1,1,1,0.002656014462314449
2025-10-28,1,0.5054018871680847,1,1,1,0.00048033227231458753
2025-10-29,1,0.4825745153195435,0,0,1,-0.010998119550020391
2025-10-30,1,0.48476285192350604,0,1,0,0.0032802030105936186
2025-10-31,1,0.464114168125788,0,1,0,0.0018767107020742912
2025-11-03,1,0.4564168017142438,0,0,1,-0.011853596017736279
2025-11-04,1,0.5488676292796729,1,1,1,0.0034654743340312155
2025-11-05,1,0.48499534993582033,0,0,1,-0.010729388925125316
2025-11-06,1,0.5056577353110189,1,1,1,0.0009845789961884233
2025-11-07,1,0.49481560488703735,0,1,0,0.01560432239211762
2025-11-10,1,0.4784534858566049,0,1,0,0.0022892661907207845
2025-11-11,1,0.49337211973457373,0,1,0,0.0005563761095350728
2025-11-12,1,0.503188923130718,1,0,0,-0.016594027882646856
2025-11-13,1,0.5284034856418514,1,0,0,-0.00016365894166792128
2025-11-14,1,0.48618889415760946,0,0,1,-0.009316461288915168
2025-11-17,1,0.5073877545107974,1,0,0,-0.008397503213040225
2025-11-18,1,0.5358589671787631,1,1,1,0.003863149507556951
2025-11-19,1,0.48153523961518907,0,0,1,-0.015242255122032589
2025-11-20,1,0.4751175312948663,0,1,0,0.009961227389035265
2025-11-21,1,0.46126742539524945,0,1,0,0.014718526835907575
2025-11-24,1,0.47600351609315483,0,1,0,0.009405947461920139
2025-11-25,1,0.49499555955136104,0,1,0,0.006903459171132775
2025-11-26,1,0.493307897657546,0,1,0,0.0054584834225450685
2025-11-28,1,0.4557234101606759,0,0,1,-0.004565467815318525
2025-12-01,1,0.5453683285373927,1,1,1,0.0018522200441719594
2025-12-02,1,0.505309999160334,1,1,1,0.00346277529986061
2025-12-03,1,0.49994532260346275,0,1,0,0.0007311117128343536
2025-12-04,1,0.4941284653920787,0,1,0,0.0018994838690575833
2025-12-05,1,0.495910787097884,0,0,1,-0.0030042694967975514
2025-12-08,1,0.4973590739907753,0,0,1,-0.0008630792259767261
2025-12-09,1,0.5254385309027275,1,1,1,0.006632158354709983
2025-12-10,1,0.5086084353090063,1,1,1,0.0023270002601829542
2025-12-11,1,0.4588846623897507,0,0,1,-0.010752025375860397
2025-12-12,1,0.5011154274047327,1,0,0,-0.0015108385386657375
2025-12-15,1,0.48070420160025573,0,0,1,-0.0027323394075896568
2025-12-16,1,0.5252301420860558,1,0,0,-0.011003536401451242
2025-12-17,1,0.5246917835732473,1,1,1,0.007551304892321253
2025-12-18,1,0.4937016625209924,0,1,0,0.0060905233502994705
2025-12-19,1,0.49042563007184437,0,1,0,0.006229874178387496
2025-12-22,1,0.4875777616489412,0,1,0,0.0045704843606495515
2025-12-23,1,0.5173975422675219,1,1,1,0.003517621421107009
2025-12-24,1,0.48620000544970476,0,0,1,-0.0001014040437492536
2025-12-26,1,0.5581840433045956,1,0,0,-0.003563648189011559
2025-12-29,1,0.5746045915457012,1,0,0,-0.0012211468345215692
2025-12-30,1,0.5385651475325043,1,0,0,-0.007408955885817803
2025-12-31,1,0.5745836341066988,1,1,1,0.0018330596423725698
2026-01-02,1,0.5019057863691201,1,1,1,0.006660110816910869
2026-01-05,1,0.49118277609070427,0,1,0,0.005947227112347964
2026-01-06,1,0.5056501653284572,1,0,0,-0.0032234001772446508
2026-01-07,1,0.5398808270589281,1,0,0,-0.00010152168346500012
2026-01-08,1,0.5108359551016063,1,1,1,0.006613388484590255
2026-01-09,1,0.4979879689804037,0,1,0,0.0015703975230316747
2026-01-12,1,0.4890629494749192,0,0,1,-0.001999473023445053
2026-01-13,1,0.5366681489617304,1,0,0,-0.004915222744839132
2026-01-14,1,0.5353056358006252,1,1,1,0.0027232240029890775
2026-01-15,1,0.48329967486067044,0,0,1,-0.0008378844014015341
2026-01-16,1,0.5271230576781923,1,0,0,-0.020356759970762806
2026-01-20,1,0.5301977332945944,1,1,1,0.011541083159159804
2026-01-21,1,0.45559049065465085,0,1,0,0.005223163010167564
2026-01-22,1,0.45850809556338873,0,1,0,0.00036285524556167736
2026-01-23,1,0.49804926902265245,0,1,0,0.00507813081145958
2026-01-26,1,0.5137937727061823,1,1,1,0.003984250492172103
2026-01-27,1,0.4868635739670509,0,0,1,-0.0001006589961060067
2026-01-28,1,0.5409523689870656,1,0,0,-0.001984419367757506
2026-01-29,1,0.5421430440310491,1,0,0,-0.002982547677011782
2026-01-30,1,0.5273297919540454,1,1,1,0.004971317523953855
2026-02-02,1,0.49822435144181254,0,0,1,-0.008455363130712823
2026-02-03,1,0.5120173397507696,1,0,0,-0.0048439179057576665
2026-02-04,1,0.49400748658637195,0,0,1,-0.0124892628772314
2026-02-05,1,0.5109774979548405,1,1,1,0.019184793975496328
2026-02-06,1,0.4640158324803633,0,1,0,0.004821779145387506
2026-02-09,1,0.49931946474947714,0,0,1,-0.0026371021797716443
2026-02-10,1,0.53653063039973,1,0,0,-0.00023113498477123073
2026-02-11,1,0.5376621998938022,1,0,0,-0.015448872914552103
2026-02-12,1,0.4984882570573839,0,1,0,0.0007045377823615695
2026-02-13,1,0.4606529682943599,0,1,0,0.0016134588719287635
2026-02-17,1,0.48289656302271217,0,1,0,0.005037713354905549
2026-02-18,1,0.49340123646824113,0,0,1,-0.002637365569283623
2026-02-19,1,0.5415543643063864,1,1,1,0.007231785221302411
2026-02-20,1,0.5376214888709063,1,0,0,-0.010211302238274489
2026-02-23,1,0.505508778723694,1,1,1,0.007268513358970052
2026-02-24,1,0.4872828366402744,0,1,0,0.008438276037153747
2026-02-25,1,0.502898496300438,1,0,0,-0.005554405951797015
2026-02-26,1,0.5307136885424515,1,0,0,-0.004801969559279806
2026-02-27,1,0.5535236464341076,1,1,1,0.0005685427688300049
2026-03-02,1,0.49853615373427534,0,0,1,-0.008814341545397508
2026-03-03,1,0.5132701328658129,1,1,1,0.007055381465455479
2026-03-04,1,0.49094456885499316,0,0,1,-0.0055755948462250515
2026-03-05,1,0.5162194257142705,1,0,0,-0.013107091790493297
2026-03-06,1,0.5041365833129565,1,1,1,0.008759949144329537
2026-03-09,1,0.4690014990480467,0,0,1,-0.001607069196751576
2026-03-10,1,0.49617045699567897,0,0,1,-0.0012551693717042234
2026-03-11,1,0.5290605746035958,1,0,0,-0.0151849234423167
2026-03-12,1,0.5697627830811349,1,0,0,-0.005660180081477395
2026-03-13,1,0.49340598017317916,0,1,0,0.010176888512803295
2026-03-16,1,0.48582895447450797,0,1,0,0.0026305975119209624
2026-03-17,1,0.5181561907593499,1,0,0,-0.013953675007322364
2026-03-18,1,0.5479287122448347,1,0,0,-0.002464364937880159
2026-03-19,1,0.5473133605337956,1,0,0,-0.017020279897722146
2026-03-20,1,0.5248221393002536,1,1,1,0.01050001924493782
2026-03-23,1,0.45406672282904015,0,0,1,-0.0033568497522664664
2026-03-24,1,0.5406155763592937,1,1,1,0.0055727589473859585
2026-03-25,1,0.5140855847431582,1,0,0,-0.017858744158138706
2026-03-26,1,0.5500823389312012,1,0,0,-0.017051883523327982
2026-03-27,1,0.5340034182615604,1,0,0,-0.0033434623831846144
2026-03-30,1,0.5253574089253248,1,1,1,0.02906792569891481
2026-03-31,1,0.4906091819631034,0,1,0,0.007534463782890022
2026-04-01,1,0.5066553634345036,1,1,1,0.0009004744280911581
2026-04-02,1,0.5083851701990652,1,1,1,0.004726797348638012
2026-04-06,1,0.47595916526924714,0,1,0,0.0004400741058487867
2026-04-07,1,0.5074544857098032,1,1,1,0.025469554638327674
2026-04-08,1,0.437515246791484,0,1,0,0.00576909117108837
2026-04-09,1,0.4444632521977734,0,0,1,-0.0006617805145495703
2026-04-10,1,0.5040706996312407,1,1,1,0.009772397784351794
2026-04-13,1,0.49382643808385124,0,1,0,0.01218488075237012
2026-04-14,1,0.4526640066232694,0,1,0,0.007890994867038925
2026-04-15,1,0.45666274981365723,0,1,0,0.002457311622604319
2026-04-16,1,0.43702843999625973,0,1,0,0.012085685130224011
2026-04-17,1,0.4038305352652939,0,0,1,-0.001999667552905704
2026-04-20,1,0.4342350043459907,0,0,1,-0.006546949154936255
2026-04-21,1,0.4783907719178792,0,1,0,0.010126696838070659
2026-04-22,1,0.4234418013756531,0,0,1,-0.0038807239498251933
2026-04-23,1,0.4761020665454998,0,1,0,0.007749297960024215
2026-04-24,1,0.4463845896063554,0,1,0,0.0017228064887020444
2026-04-27,1,0.45684967854663006,0,0,1,-0.004865948728146163
2026-04-28,1,0.5169975787931204,1,0,0,-0.00015454109399481997
2026-04-29,1,0.5086258042593403,1,1,1,0.009949627427204177
2026-04-30,1,0.4732675014350883,0,1,0,0.0027691138283709726
2026-05-01,1,0.4512934286408262,0,0,1,-0.0036633796697419507
2026-05-04,1,0.5169085410305287,1,1,1,0.008022185884992261
2026-05-05,1,0.46928713814553696,0,1,0,0.013899439445017592
2026-05-06,1,0.4828826541574275,0,0,1,-0.0030661051573263043
2026-05-07,1,0.5074649988845876,1,1,1,0.008256073001242203
2026-05-08,1,0.48612066919178265,0,1,0,0.002277585595431564
2026-05-11,1,0.4674738686367295,0,0,1,-0.0015149399914519135
2026-05-12,1,0.5020296761934546,1,1,1,0.005594848036780231
2026-05-13,1,0.462274509060232,0,1,0,0.007894256268722755
2026-05-14,1,0.4635098707813298,0,0,1,-0.012029351892724582
2026-05-15,1,0.5294556485622234,1,0,0,-0.0007034356211904624
2026-05-18,1,0.4860264327137613,0,0,1,-0.006660859382243145
2026-05-19,1,0.5216348144242967,1,1,1,0.010249028568310337
2026-05-20,1,0.47490807523711476,0,1,0,0.0019830970699832307
2026-05-21,1,0.505656452666593,1,1,1,0.00393155436839554
2026-05-22,1,0.48252578987477085,0,1,0,0.0066386085909901915
2026-05-26,1,0.47662410642569975,0,0,1,-0.0001732035840619206
2026-05-27,1,0.5194517307359964,1,1,1,0.0055165545026623075
2026-05-28,1,0.49716649299817595,0,1,0,0.002491392716190699
2026-05-29,1,0.49971223416027954,0,1,0,0.00272313559086812
2026-06-01,1,0.468025351465134,0,1,0,0.0013579103629497435
2026-06-02,1,0.47403085648129817,0,0,1,-0.007017150543661033
2026-06-03,1,0.5502823427295735,1,1,1,0.003778686701839007
2026-06-04,1,0.4990569675729702,0,0,1,-0.0258093996346227
2026-06-05,1,0.511862199558532,1,1,1,0.0022642301373410056
2026-06-08,1,0.441994568023682,0,0,1,-0.002935503633772485
2026-06-09,1,0.48315007775928787,0,0,1,-0.015765545498457323
2026-06-10,1,0.49308427171259783,0,1,0,0.016996839411566045
2026-06-11,1,0.49164139497098663,0,1,0,0.005408249541260179
2026-06-12,1,0.4628802527930284,0,1,0,0.017633996750716197
2026-06-15,1,0.4894846959487938,0,0,1,-0.005961607114339795
2026-06-16,1,0.5375488246980694,1,0,0,-0.012487831892330603
2026-06-17,1,0.48799247123782435,0,1,0,0.007800647930141791
2026-06-18,1,0.4537812785289121,0,0,1,-0.003146979693962715
2026-06-22,1,0.4793302576023628,0,0,1,-0.014521954010491611
2026-06-23,1,0.5645898564695752,1,0,0,-0.0004635170636431152
2026-06-24,1,0.5128276521820039,1,1,1,0.0014456352254532678
2026-06-25,1,0.47466272401422693,0,0,1,-0.007231373616869652
2026-06-26,1,0.512926091041887,1,1,1,0.016474862380159383
2026-06-29,1,0.4802104818922051,0,1,0,0.007786800986842035
2026-06-30,1,0.4953625787451636,0,0,1,-0.001352504438058455
2026-07-01,1,0.5131733156200311,1,0,0,-0.001314069480687241
2026-07-02,1,0.5245262290308865,1,1,1,0.008727409093039817
2026-07-06,1,0.47911037504164716,0,0,1,-0.004751899671231685
2026-07-07,1,0.5307151722522192,1,0,0,-0.0030894297130047432
2026-07-08,1,0.5473501872883159,1,1,1,0.00846525000257925
2026-07-09,1,0.4978830352224895,0,1,0,0.0043101596888019955
2026-07-10,1,0.5066375167707571,1,0,0,-0.007656174850540931
2026-07-13,1,0.5453607987715597,1,1,1,0.00355064169730146
2026-07-14,1,0.49257319755893264,0,1,0,0.003963635929681075
2026-07-15,1,0.5005077904746138,1,0,0,-0.005418617756386079
2026-07-16,1,0.5242276387222308,1,0,0,-0.009897156017872222
2023-04-25,5,0.5196370647744522,1,1,1,0.011721852647318176
2023-04-26,5,0.5373802114179359,1,1,1,0.009051349774204853
2023-04-27,5,0.5071629813216688,1,0,0,-0.01765233315063186
2023-04-28,5,0.5313204383794897,1,0,0,-0.007933998151321453
2023-05-01,5,0.5517729005004162,1,0,0,-0.006666553070075243
2023-05-02,5,0.5060616999490338,1,1,1,0.00021905447057957161
2023-05-03,5,0.5006607145656937,1,1,1,0.01183769722047101
2023-05-04,5,0.5199660078945485,1,1,1,0.017278404254517765
2023-05-05,5,0.504942880372724,1,0,0,-0.0025204384863316553
2023-05-08,5,0.5049753557582234,1,1,1,0.0006542121859736127
2023-05-09,5,0.4959317254885908,0,0,1,-0.0016547652590493955
2023-05-10,5,0.5046578437495168,1,1,1,0.0057648173613342735
2023-05-11,5,0.4846549823261482,0,1,0,0.017227588429370666
2023-05-12,5,0.46557239263605993,0,1,0,0.017080101173123863
2023-05-15,5,0.45527579686309716,0,1,0,0.013994815240862879
2023-05-16,5,0.5484321763837634,1,1,1,0.009360137325754136
2023-05-17,5,0.4934188808284041,0,0,1,-0.00997041287695799
2023-05-18,5,0.5042409961481088,1,0,0,-0.010924831166233218
2023-05-19,5,0.5259592374750669,1,1,1,0.003344307278233316
2023-05-22,5,0.5480945497527359,1,1,1,0.0033190479775029313
2023-05-23,5,0.49404299371967086,0,1,0,0.00908017532149441
2023-05-24,5,0.5220223921874116,1,1,1,0.02610136729649004
2023-05-25,5,0.5101933597269968,1,1,1,0.03200294158104544
2023-05-26,5,0.5208533392170398,1,1,1,0.016856381303351098
2023-05-30,5,0.5499297545263313,1,1,1,0.01868248426948016
2023-05-31,5,0.513313574215902,1,1,1,0.02082082460780854
2023-06-01,5,0.4845566946690395,0,1,0,0.017329660593778273
2023-06-02,5,0.5160711320200734,1,1,1,0.004626987302813745
2023-06-05,5,0.6063546113598529,1,1,1,0.01568714959893769
2023-06-06,5,0.5958150410835183,1,1,1,0.02016214963302687
2023-06-07,5,0.5303175308000245,1,1,1,0.024920888962660204
2023-06-08,5,0.6039622778626953,1,1,1,0.03138909204072449
2023-06-09,5,0.5128282940623216,1,1,1,0.022237724341293452
2023-06-12,5,0.5078633074120241,1,1,1,0.0077916205115839965
2023-06-13,5,0.39941730341390075,0,0,1,-0.003938994197494883
2023-06-14,5,0.37737684659274406,0,0,1,-0.0015325104565184766
2023-06-15,5,0.343761497912325,0,0,1,-0.02121557731348367
2023-06-16,5,0.3717060871731117,0,0,1,-0.018249645404846082
2023-06-20,5,0.5741990086334532,1,0,0,-0.002310213790583826
2023-06-21,5,0.5907318862393557,1,1,1,0.00333382121417225
2023-06-22,5,0.556948766623576,1,1,1,0.0036653812057976243
2023-06-23,5,0.543912099742806,1,1,1,0.023245094810475875
2023-06-26,5,0.564921395628729,1,1,1,0.028625083519446815
2023-06-27,5,0.49968029762324934,0,1,0,0.01595706087262072
2023-06-28,5,0.449574352761994,0,1,0,0.007493271852946126
2023-06-29,5,0.4744878437015347,0,1,0,0.0010043195912394776
2023-06-30,5,0.4921921285533309,0,0,1,-0.008166384964709006
2023-07-03,5,0.5502647982054997,1,0,0,-0.0029969514054734026
2023-07-05,5,0.48709260144843647,0,1,0,0.006521752305226114
2023-07-06,5,0.5322417709747501,1,1,1,0.022517385739033058
2023-07-07,5,0.5141864769277675,1,1,1,0.024467019233833875
2023-07-10,5,0.5147648708538924,1,1,1,0.02542872351967085
2023-07-11,5,0.47741806324103775,0,1,0,0.026510896381281235
2023-07-12,5,0.4420638148690131,0,1,0,0.020582089187662023
2023-07-13,5,0.45128360185785377,0,1,0,0.005827909803843401
2023-07-14,5,0.4467718686642548,0,1,0,0.006454758512205672
2023-07-17,5,0.5023701853897045,1,1,1,0.007452790117189245
2023-07-18,5,0.3414320507960316,0,1,0,0.002752152168213451
2023-07-19,5,0.33934651860248993,0,1,0,0.0006810139505284418
2023-07-20,5,0.5097492710361373,1,1,1,0.0006855623061943206
2023-07-21,5,0.4847999695704517,0,1,0,0.010482597259343418
2023-07-24,5,0.4873027475913104,0,1,0,0.007903998770159015
2023-07-25,5,0.43228575750860065,0,1,0,0.0022835248097374805
2023-07-26,5,0.4359225098907652,0,0,1,-0.011810947657507453
2023-07-27,5,0.562812426003138,1,0,0,-0.008066463292577541
2023-07-28,5,0.4239787933218815,0,0,1,-0.022126445706103004
2023-07-31,5,0.4053452375458743,0,0,1,-0.01546564354330815
2023-08-01,5,0.5492357009470509,1,0,0,-0.016933952857269063
2023-08-02,5,0.5459729566304187,1,0,0,-0.009730533035567812
2023-08-03,5,0.536618898228712,1,0,0,-0.006527922421547094
2023-08-04,5,0.5260901172818064,1,0,0,-0.0025961900325590648
2023-08-07,5,0.49467274907768577,0,0,1,-0.005768689740206834
2023-08-08,5,0.5175326068955364,1,0,0,-0.013058463178969304
2023-08-09,5,0.5467750634889954,1,0,0,-0.013707202134744856
2023-08-10,5,0.5431595804744538,1,0,0,-0.021573849068605155
2023-08-11,5,0.5157007582685347,1,0,0,-0.020531794057669694
2023-08-14,5,0.45966590282852443,0,0,1,-0.019571063578936787
2023-08-15,5,0.5562004902628617,1,0,0,-0.010702478256855108
2023-08-16,5,0.5438344546546535,1,1,1,0.0077108179826856915
2023-08-17,5,0.5648165728861808,1,1,1,0.0013752460330611616
2023-08-18,5,0.53887100029463,1,1,1,0.007949601880190338
2023-08-21,5,0.5072851175983178,1,1,1,0.007784434506855398
2023-08-22,5,0.5669455086643057,1,1,1,0.025128403329902183
2023-08-23,5,0.485896760034138,0,1,0,0.018012349069624678
2023-08-24,5,0.5470780102157886,1,1,1,0.030808649783193864
2023-08-25,5,0.5405628267242417,1,1,1,0.025501741458674676
2023-08-28,5,0.5197661379454265,1,1,1,0.014635423990030594
2023-08-29,5,0.5066957963450649,1,0,0,-0.006545557078626141
2023-08-30,5,0.5556549545960148,1,0,0,-0.013658241566102958
2023-08-31,5,0.5763736877547236,1,0,0,-0.010725029475704195
2023-09-01,5,0.6121280272866146,1,0,0,-0.006072807951303827
2023-09-05,5,0.5596125766090768,1,0,0,-0.0072344405454741745
2023-09-06,5,0.5343614470193697,1,1,1,0.0006499227827718723
2023-09-07,5,0.5141414374247856,1,1,1,0.012386150775425042
2023-09-08,5,0.515164049495317,1,0,0,-0.004825807931186699
2023-09-11,5,0.5137513737115819,1,0,0,-0.010748148495965726
2023-09-12,5,0.5278603137864366,1,0,0,-0.007354422411079642
2023-09-13,5,0.5068551367585393,1,0,0,-0.017625573772284464
2023-09-14,5,0.48292334003459886,0,0,1,-0.04212179438703145
2023-09-15,5,0.5180007953704906,1,0,0,-0.02920806963049072
2023-09-18,5,0.5286440762381006,1,0,0,-0.025697075876316644
2023-09-19,5,0.5230560869117004,1,0,0,-0.038015827284470394
2023-09-20,5,0.5409266550098573,1,0,0,-0.028702412992484327
2023-09-21,5,0.5588734375933948,1,0,0,-0.006652971875356406
2023-09-22,5,0.5791700072793781,1,0,0,-0.006830543073480633
2023-09-25,5,0.5414603476544562,1,0,0,-0.01138285936348371
2023-09-26,5,0.5634439577431825,1,0,0,-0.010073280021921538
2023-09-27,5,0.537043145536368,1,0,0,-0.003262490718658917
2023-09-28,5,0.4722009619437428,0,0,1,-0.009381100337757187
2023-09-29,5,0.5286058079094831,1,1,1,0.0048189330627195215
2023-10-02,5,0.5234114661678384,1,1,1,0.011654328274042447
2023-10-03,5,0.5125752335145161,1,1,1,0.030717076589863446
2023-10-04,5,0.5493242030462361,1,1,1,0.027457268312433003
2023-10-05,5,0.5498826314057088,1,1,1,0.02157833607092896
2023-10-06,5,0.5025470120488699,1,1,1,0.004563000922120475
2023-10-09,5,0.5075236810737426,1,1,1,0.008674732068461255
2023-10-10,5,0.5412041772593722,1,1,1,0.0034058554785456607
2023-10-11,5,0.5686322850135602,1,0,0,-0.014003519817051058
2023-10-12,5,0.5353286618955265,1,0,0,-0.01667207241911428
2023-10-13,5,0.5166902555391859,1,0,0,-0.023893389475304172
2023-10-16,5,0.5137163531919482,1,0,0,-0.03573070540438417
2023-10-17,5,0.5071489511650714,1,0,0,-0.028416092021118056
2023-10-18,5,0.5114634452408426,1,0,0,-0.029427497997640883
2023-10-19,5,0.4785487251764924,0,0,1,-0.032549316701946274
2023-10-20,5,0.4713697385393243,0,0,1,-0.024953132089328367
2023-10-23,5,0.48958467643515846,0,0,1,-0.01158254106492751
2023-10-24,5,0.5165959735399536,1,0,0,-0.012817771671492673
2023-10-25,5,0.500238432557779,1,1,1,0.012238093685861484
2023-10-26,5,0.5370131031686298,1,1,1,0.04414015879645272
2023-10-27,5,0.5514010266733569,1,1,1,0.0584640357305648
2023-10-30,5,0.4916265500852932,0,1,0,0.048364990208218384
2023-10-31,5,0.44670252702177055,0,1,0,0.0447871351555047
2023-11-01,5,0.4735157356036921,0,1,0,0.03451946295243591
2023-11-02,5,0.51448694930955,1,1,1,0.007150121883276572
2023-11-03,5,0.4905958256585376,0,1,0,0.013618861434371743
2023-11-06,5,0.5945201943849932,1,1,1,0.010328444478376886
2023-11-07,5,0.6094119045414113,1,1,1,0.02700665669180302
2023-11-08,5,0.6584034196738034,1,1,1,0.02842765620533183
2023-11-09,5,0.5674544431436277,1,1,1,0.0377789387488201
2023-11-10,5,0.5550372461442445,1,1,1,0.02310438603709075
2023-11-13,5,0.6670342298117639,1,1,1,0.03196348678112382
2023-11-14,5,0.4971244549972306,0,1,0,0.01011739334608941
2023-11-15,5,0.5569524356567248,1,1,1,0.011875103239784801
2023-11-16,5,0.5891715224217912,1,1,1,0.011260859300635362
2023-11-17,5,0.5186870539135279,1,1,1,0.00818563493303004
2023-11-20,5,0.5230499349351512,1,1,1,0.00147488860069811
2023-11-21,5,0.6079055141285405,1,1,1,0.002956287357136711
2023-11-22,5,0.49206289042422874,0,1,0,0.0030328445258061
2023-11-24,5,0.5151342585027506,1,1,1,0.008346185838851383
2023-11-27,5,0.5895509972200733,1,1,1,0.004862681309749872
2023-11-28,5,0.498358617094852,0,1,0,0.00367092399846336
2023-11-29,5,0.5345252239943633,1,1,1,0.0003300068605982531
2023-11-30,5,0.4556200306934535,0,1,0,0.004009678164585528
2023-12-01,5,0.37368590782713973,0,1,0,0.0023960054212408544
2023-12-04,5,0.49180756743166887,0,1,0,0.011605219655862253
2023-12-05,5,0.5143534645781003,1,1,1,0.016425755365188754
2023-12-06,5,0.5491917036459506,1,1,1,0.03461164107742687
2023-12-07,5,0.42936239744714855,0,1,0,0.03007223108245527
2023-12-08,5,0.41136840379690354,0,1,0,0.019839144117899332
2023-12-11,5,0.39812601928696134,0,1,0,0.021602223418877742
2023-12-12,5,0.42503285518746287,0,1,0,0.023141542971623075
2023-12-13,5,0.33166648453545017,0,0,1,-0.0047608719115302955
2023-12-14,5,0.279455280688553,0,1,0,0.001461838577849095
2023-12-15,5,0.4067277553275528,0,1,0,0.009204626697240759
2023-12-18,5,0.3481998097526901,0,1,0,0.007797090209681334
2023-12-19,5,0.32147280392693395,0,1,0,0.003517002444221262
2023-12-20,5,0.47163076495628425,0,1,0,0.018002802929937722
2023-12-21,5,0.4508705700565588,0,1,0,0.005521441261184812
2023-12-22,5,0.4588027737340471,0,0,1,-0.0021112636184653644
2023-12-26,5,0.4618294949530354,0,0,1,-0.014422338777650534
2023-12-27,5,0.45400184186077125,0,0,1,-0.019370025387017487
2023-12-28,5,0.39919834623765466,0,0,1,-0.018397677670510593
2023-12-29,5,0.44971039032071114,0,0,1,-0.0014937439959710197
2024-01-02,5,0.4776089844399408,0,1,0,0.0026023717385206258
2024-01-03,5,0.5191886252190381,1,1,1,0.0165745618977442
2024-01-04,5,0.5575298608288737,1,1,1,0.0194102194570982
2024-01-05,5,0.48121751224525494,0,1,0,0.0187211040277504
2024-01-08,5,0.5174664303645522,1,1,1,0.0006952940750568626
2024-01-09,5,0.47064355284801757,0,0,1,-0.003355272055177383
2024-01-10,5,0.4813397240050915,0,0,1,-0.00014690138613693282
2024-01-11,5,0.4834965704145422,0,1,0,0.012763695800067643
2024-01-12,5,0.5057385574001774,1,1,1,0.014202441124594678
2024-01-16,5,0.4749973885285828,0,1,0,0.020908329288354954
2024-01-17,5,0.5287511782454358,1,1,1,0.02773720778865396
2024-01-18,5,0.4814892654053906,0,1,0,0.024218784825355
2024-01-19,5,0.49054360406356085,0,1,0,0.010322764052679734
2024-01-22,5,0.5119733725942648,1,1,1,0.016175357553392278
2024-01-23,5,0.5347215045913968,1,1,1,0.012436640430335322
2024-01-24,5,0.4920784644733604,0,0,1,-0.00517111949128779
2024-01-25,5,0.4619953646897069,0,1,0,0.002397421123006671
2024-01-26,5,0.4705540534111512,0,1,0,0.014238530988825104
2024-01-29,5,0.4548113300884002,0,1,0,0.0026054894618470215
2024-01-30,5,0.48077970271460274,0,1,0,0.0062946815899354025
2024-01-31,5,0.5076312388800003,1,1,1,0.0315192202344281
2024-02-01,5,0.5200684996450061,1,1,1,0.018642671483270146
2024-02-02,5,0.4681507449009405,0,1,0,0.013856591522082962
2024-02-05,5,0.48925975394322335,0,1,0,0.017115061216695704
2024-02-06,5,0.5322285277344345,1,1,1,0.00020238791796023392
2024-02-07,5,0.4569309142551799,0,1,0,0.0009435880645329853
2024-02-08,5,0.5254123053607903,1,1,1,0.007404885188576182
2024-02-09,5,0.4545970836315463,0,0,1,-0.003371912211183714
2024-02-12,5,0.5381473323693828,1,0,0,-0.008423492211585004
2024-02-13,5,0.5319613181644276,1,1,1,0.006335016531487714
2024-02-14,5,0.5612901051659895,1,1,1,0.017911211153089246
2024-02-15,5,0.48095019133811046,0,1,0,0.011633226876526237
2024-02-16,5,0.5330168063632034,1,1,1,0.012972673904553922
2024-02-20,5,0.5350197367795141,1,1,1,0.020472628050222097
2024-02-21,5,0.49346701136268645,0,1,0,0.018201601870594164
2024-02-22,5,0.5041901500092404,1,1,1,0.0011428306842673486
2024-02-23,5,0.5596664264616491,1,1,1,0.009845366589210425
2024-02-26,5,0.5587449744909445,1,1,1,0.012470597601488054
2024-02-27,5,0.557841401084746,1,1,1,0.0004931647438739528
2024-02-28,5,0.5785444266101257,1,1,1,0.006893671566100323
2024-02-29,5,0.44407873300064565,0,1,0,0.013245967493684896
2024-03-01,5,0.4283313189055037,0,0,1,-0.0022033234260045997
2024-03-04,5,0.5478863127536702,1,0,0,-0.0019909994885342064
2024-03-05,5,0.5274408175867956,1,1,1,0.018928263653394062
2024-03-06,5,0.5146175029828346,1,1,1,0.012202002360225617
2024-03-07,5,0.5005559830170406,1,1,1,0.0002719734447689248
2024-03-08,5,0.5274518783849435,1,0,0,-0.0036934547094678027
2024-03-11,5,0.5359643955690301,1,1,1,0.003090256955167181
2024-03-12,5,0.4201382047335179,0,0,1,-0.002070527620184115
2024-03-13,5,0.4618919716866735,0,1,0,0.008740837687664538
2024-03-14,5,0.522720037358728,1,1,1,0.014079036465941774
2024-03-15,5,0.5138018874153313,1,1,1,0.02232123590238766
2024-03-18,5,0.5231850767986814,1,1,1,0.01347352957347736
2024-03-19,5,0.5061843811106032,1,1,1,0.006011082689608482
2024-03-20,5,0.4711440111327495,0,1,0,0.005168311063537212
2024-03-21,5,0.49872028119858713,0,1,0,0.0016660189522219593
2024-03-22,5,0.45379449093847457,0,1,0,0.0018225880774120906
2024-03-25,5,0.5291174576751912,1,0,0,-0.001789238780297353
2024-03-26,5,0.5528394341864095,1,1,1,0.0011564456906398846
2024-03-27,5,0.4558290045173865,0,0,1,-0.019305342270892423
2024-03-28,5,0.44652211334349773,0,0,1,-0.008870733522217455
2024-04-01,5,0.5362698918124349,1,0,0,-0.006588024012430527
2024-04-02,5,0.5503948977081917,1,1,1,0.0009251030065260402
2024-04-03,5,0.530135091118536,1,0,0,-0.01018459078734657
2024-04-04,5,0.5368270726278963,1,1,1,0.0096088108940382
2024-04-05,5,0.5294599520996485,1,0,0,-0.014621041759453224
2024-04-08,5,0.4440532890971178,0,0,1,-0.027509946217707304
2024-04-09,5,0.4593146415726309,0,0,1,-0.03040516121510406
2024-04-10,5,0.5484328208391662,1,0,0,-0.026394630539754993
2024-04-11,5,0.4791771243351367,0,0,1,-0.03567569688480332
2024-04-12,5,0.5256179508087453,1,0,0,-0.030713521100021124
2024-04-15,5,0.5614126693068797,1,0,0,-0.009376570268347928
2024-04-16,5,0.5555569094708901,1,1,1,0.004210265768329613
2024-04-17,5,0.5760898076984245,1,1,1,0.00970935168846876
2024-04-18,5,0.5588368461260759,1,1,1,0.007947632343086264
2024-04-19,5,0.5536245657624395,1,1,1,0.026456107130282014
2024-04-22,5,0.5062356001411772,1,1,1,0.020691579910014246
2024-04-23,5,0.48808175169809864,0,0,1,-0.007257951061910961
2024-04-24,5,0.5496031890456397,1,0,0,-0.010011668787578198
2024-04-25,5,0.5109367227862962,1,1,1,0.0030586676493906673
2024-04-26,5,0.49718311523026193,0,1,0,0.005961513243377459
2024-04-29,5,0.552155404857563,1,1,1,0.012763223536025547
2024-04-30,5,0.5159265664710897,1,1,1,0.03020041302505616
2024-05-01,5,0.5047963861813521,1,1,1,0.03365643276200281
2024-05-02,5,0.5524165768205175,1,1,1,0.029978385774021454
2024-05-03,5,0.5434145478423297,1,1,1,0.018678280723156027
2024-05-06,5,0.6059075093240803,1,1,1,0.00840150562126718
2024-05-07,5,0.6083226642977265,1,1,1,0.011911615752107085
2024-05-08,5,0.6374585389336467,1,1,1,0.024343136557236633
2024-05-09,5,0.6790596665476314,1,1,1,0.016379298712285717
2024-05-10,5,0.6747570725087567,1,1,1,0.01653095942634164
2024-05-13,5,0.6205005153155267,1,1,1,0.017565462144691457
2024-05-14,5,0.5561404684578948,1,1,1,0.015402250614579671
2024-05-15,5,0.565349677388372,1,1,1,9.435575182981104e-05
2024-05-16,5,0.6248980479512031,1,0,0,-0.005163669553317374
2024-05-17,5,0.5533037145807925,1,0,0,-1.890596920239851e-05
2024-05-20,5,0.6108957431347076,1,0,0,-0.0004716447216380759
2024-05-21,5,0.5583182725034395,1,0,0,-0.009899145420490862
2024-05-22,5,0.5578021951008418,1,0,0,-0.01362707190116963
2024-05-23,5,0.5678206498429604,1,1,1,0.0026807610571675244
2024-05-24,5,0.5926242718764725,1,0,0,-0.0030976402252850255
2024-05-28,5,0.5903548111237575,1,0,0,-0.0026801738674234743
2024-05-29,5,0.5443843562080524,1,1,1,0.01628969344595399
2024-05-30,5,0.5494219220307218,1,1,1,0.02305732406712946
2024-05-31,5,0.4949594164585453,0,1,0,0.012590808559296285
2024-06-03,5,0.4614609384550892,0,1,0,0.014891977137835077
2024-06-04,5,0.44257969762834953,0,1,0,0.016200150118826695
2024-06-05,5,0.5031907948835606,1,1,1,0.012512395786636876
2024-06-06,5,0.5002173638135556,1,1,1,0.014570080899611648
2024-06-07,5,0.4989973781141231,0,1,0,0.01642294970294489
2024-06-10,5,0.45626637853676544,0,1,0,0.021356836454008432
2024-06-11,5,0.47838140223416054,0,1,0,0.02149171759939228
2024-06-12,5,0.4674140854131245,0,1,0,0.010418233340195648
2024-06-13,5,0.4174118138197347,0,1,0,0.003797580444716786
2024-06-14,5,0.42581973039829857,0,0,1,-7.37666464107889e-05
2024-06-17,5,0.37420546485810946,0,0,1,-0.00414907438747858
2024-06-18,5,0.40960811525555924,0,0,1,-0.005433062629778607
2024-06-20,5,0.43485833702788546,0,0,1,-0.0011517456724177144
2024-06-21,5,0.543316119199362,1,0,0,-0.0005326606624271868
2024-06-24,5,0.5634203533712516,1,1,1,0.0047905749859540325
2024-06-25,5,0.5424688550880983,1,1,1,0.00767210422455844
2024-06-26,5,0.4768189612486185,0,1,0,0.01090724661420528
2024-06-27,5,0.46313933129709545,0,1,0,0.015136298854544927
2024-06-28,5,0.49631094828040695,0,1,0,0.02032277238826885
2024-07-01,5,0.4789953333714896,0,1,0,0.019217332219641836
2024-07-02,5,0.43337567017276585,0,1,0,0.022422173256638755
2024-07-03,5,0.4361847015346732,0,1,0,0.009103032488441576
2024-07-05,5,0.44303078564905163,0,1,0,0.009645852164720914
2024-07-08,5,0.43067546556040576,0,1,0,0.011255582175202727
2024-07-09,5,0.4426587008968886,0,1,0,0.01626421846680781
2024-07-10,5,0.44619377809312694,0,0,1,-0.0078030442985486115
2024-07-11,5,0.523838089497316,1,0,0,-0.006864590745925825
2024-07-12,5,0.43897609427658457,0,0,1,-0.019643208256983513
2024-07-15,5,0.41955148583405266,0,0,1,-0.01225224747361664
2024-07-16,5,0.43821280547737396,0,0,1,-0.01961540265202444
2024-07-17,5,0.5353220850819909,1,0,0,-0.02820774572447604
2024-07-18,5,0.5241129845581077,1,0,0,-0.02578438948440609
2024-07-19,5,0.5350362201601037,1,0,0,-0.008287924869133323
2024-07-22,5,0.5134849640015443,1,0,0,-0.017831090260719606
2024-07-23,5,0.5101357222429737,1,0,0,-0.02127203704299685
2024-07-24,5,0.49748310279861374,0,1,0,0.017700455325011077
2024-07-25,5,0.5390970138316039,1,1,1,0.008543743337865228
2024-07-26,5,0.5018113190649284,1,0,0,-0.021196050943346534
2024-07-29,5,0.5195330922900163,1,0,0,-0.050260673309320825
2024-07-30,5,0.521019950320752,1,0,0,-0.036623571191766624
2024-07-31,5,0.476956949997055,0,0,1,-0.05836862903099804
2024-08-01,5,0.4816246566845716,0,0,1,-0.02276198436359822
2024-08-02,5,0.4758745388300237,0,1,0,0.00016882307410548414
2024-08-05,5,0.621831205913895,1,1,1,0.03071246375676351
2024-08-06,5,0.5161514475248636,1,1,1,0.038092411535556314
2024-08-07,5,0.5884199550730321,1,1,1,0.04837471205528532
2024-08-08,5,0.44573845696189396,0,1,0,0.04225003651872461
2024-08-09,5,0.48859316507456685,0,1,0,0.04000076495778759
2024-08-12,5,0.5091000170520448,1,1,1,0.04939329955857197
2024-08-13,5,0.5373125219512727,1,1,1,0.03073580336328452
2024-08-14,5,0.5360585389541354,1,1,1,0.03102527837643687
2024-08-15,5,0.5220249154609791,1,1,1,0.005695415294974859
2024-08-16,5,0.5329503504399455,1,1,1,0.014107642580255098
2024-08-19,5,0.5912928241234473,1,1,1,0.002108598321454158
2024-08-20,5,0.6138515036706313,1,1,1,0.005118999980445071
2024-08-21,5,0.6206047663473685,1,0,0,-0.004138288581258642
2024-08-22,5,0.5572987621366731,1,1,1,0.003829428993928241
2024-08-23,5,0.5813568941122313,1,1,1,0.0027573475521767143
2024-08-26,5,0.6077068142296157,1,0,0,-0.015531591645304488
2024-08-27,5,0.5917405521397907,1,0,0,-0.01889376985128899
2024-08-28,5,0.6288705986365555,1,0,0,-0.01556511307793318
2024-08-29,5,0.6327561018759872,1,0,0,-0.03221991765199983
2024-08-30,5,0.5389674246167615,1,0,0,-0.03063798565790754
2024-09-03,5,0.49129718034361625,0,0,1,-0.005959351834255222
2024-09-04,5,0.516805881088834,1,1,1,0.0062981588642221364
2024-09-05,5,0.5087901162997792,1,1,1,0.017248670432802093
2024-09-06,5,0.516315345586429,1,1,1,0.04006592827182942
2024-09-09,5,0.5109240357289393,1,1,1,0.030069095584738914
2024-09-10,5,0.49209353975253206,0,1,0,0.026020936731034006
2024-09-11,5,0.44764271249932075,0,1,0,0.012589808663223012
2024-09-12,5,0.49520976606891076,0,1,0,0.02126661725689294
2024-09-13,5,0.5108748786205939,1,1,1,0.011102987715427393
2024-09-16,5,0.5493813981406648,1,1,1,0.012134808700166255
2024-09-17,5,0.5448224587533208,1,1,1,0.01461626504998903
2024-09-18,5,0.5189352531048498,1,1,1,0.015390012891963956
2024-09-19,5,0.5560653534008752,1,1,1,0.00231182768113003
2024-09-20,5,0.49874652582112666,0,1,0,0.005666468461284602
2024-09-23,5,0.5744218640516547,1,1,1,0.0071796425617773885
2024-09-24,5,0.5426185860491826,1,0,0,-0.004691042767451359
2024-09-25,5,0.5910133694073086,1,0,0,-0.002070017404506741
2024-09-26,5,0.532730687778015,1,0,0,-0.00782802824446438
2024-09-27,5,0.5728910236561684,1,1,1,0.002642325656704525
2024-09-30,5,0.4932362986121845,0,0,1,-0.010387656635551967
2024-10-01,5,0.5207992270576041,1,1,1,0.008001807590376941
2024-10-02,5,0.5640070567167045,1,1,1,0.014555478518598619
2024-10-03,5,0.5371034177033003,1,1,1,0.014634915028361783
2024-10-04,5,0.5044142434772438,1,1,1,0.011518790963157777
2024-10-07,5,0.5159209075290988,1,1,1,0.02909478669674348
2024-10-08,5,0.5131723616654782,1,1,1,0.011532436421666015
2024-10-09,5,0.4967807636324185,0,1,0,0.00894059156108673
2024-10-10,5,0.4921324804395597,0,1,0,0.010796123531858326
2024-10-11,5,0.4813282378614584,0,1,0,0.00864420721539183
2024-10-14,5,0.5151087486875777,1,0,0,-0.0011808639662468368
2024-10-15,5,0.5215122792811228,1,1,1,0.006105726048613258
2024-10-16,5,0.5249567530172301,1,0,0,-0.0074016789437511
2024-10-17,5,0.5532536358770875,1,0,0,-0.005340406082155913
2024-10-18,5,0.4907678079994549,0,0,1,-0.009493916374144984
2024-10-21,5,0.47954220439857403,0,0,1,-0.004797539142167628
2024-10-22,5,0.487633491193922,0,0,1,-0.0026571826330435977
2024-10-23,5,0.538035864667747,1,1,1,0.0034949040041867274
2024-10-24,5,0.5202607527623526,1,0,0,-0.018299799331272792
2024-10-25,5,0.5064623704182157,1,0,0,-0.013815971787050296
2024-10-28,5,0.48658043974349235,0,0,1,-0.018972882266767188
2024-10-29,5,0.4897975180249028,0,0,1,-0.00871479649003537
2024-10-30,5,0.4129492408790184,0,1,0,0.019016858461073483
2024-10-31,5,0.5082759968619793,1,1,1,0.047428900549320696
2024-11-01,5,0.5517143378940187,1,1,1,0.047544875067858205
2024-11-04,5,0.5404714870163558,1,1,1,0.05080643079459879
2024-11-05,5,0.4494954679772234,0,1,0,0.03502689748475252
2024-11-06,5,0.5574618035151082,1,1,1,0.01040542880802886
2024-11-07,5,0.5129742738314388,1,0,0,-0.003794445729936924
2024-11-08,5,0.46344202573254684,0,0,1,-0.020796072135332522
2024-11-11,5,0.57681423987303,1,0,0,-0.01771992981915338
2024-11-12,5,0.5638348037895722,1,0,0,-0.01105718939712319
2024-11-13,5,0.5532747778914946,1,0,0,-0.011202468919533914
2024-11-14,5,0.6020033555002137,1,1,1,0.0005393230595531762
2024-11-15,5,0.5133731740389558,1,1,1,0.01666241530623136
2024-11-18,5,0.5091587127834117,1,1,1,0.0159483201452848
2024-11-19,5,0.5126983889114589,1,1,1,0.017533519964638256
2024-11-20,5,0.4788555996397122,0,1,0,0.014106718187711698
2024-11-21,5,0.47763131391249614,0,1,0,0.014957813496452976
2024-11-22,5,0.49961985392919056,0,1,0,0.013635362939379059
2024-11-25,5,0.5334955757099266,1,1,1,0.010677193672029572
2024-11-26,5,0.4826316516879613,0,1,0,0.011670604254627293
2024-11-27,5,0.4939716438348378,0,1,0,0.01307542346113344
2024-11-29,5,0.5229800102443173,1,1,1,0.008729582395132773
2024-12-02,5,0.4912472626999018,0,1,0,0.0017394559324011016
2024-12-03,5,0.45434732440970976,0,0,1,-0.0018379980475945468
2024-12-04,5,0.5189244498149429,1,0,0,-0.00032905108236813696
2024-12-05,5,0.43578429438269417,0,0,1,-0.0038406292780625018
2024-12-06,5,0.48952428868789655,0,0,1,-0.0059228633954651055
2024-12-09,5,0.6299887082128987,1,1,1,0.0034894247819008406
2024-12-10,5,0.5972670787118487,1,1,1,0.0024717821243334104
2024-12-11,5,0.5199096695301001,1,0,0,-0.034866479948757245
2024-12-12,5,0.5545118807307721,1,0,0,-0.030165705803748
2024-12-13,5,0.5867908524351085,1,0,0,-0.02161499658008781
2024-12-16,5,0.47503645614401885,0,0,1,-0.01994096149259772
2024-12-17,5,0.5315191615926484,1,0,0,-0.0049479394712710345
2024-12-18,5,0.5455953391694142,1,1,1,0.025687379419447653
2024-12-19,5,0.5763212054002179,1,1,1,0.015202242878068706
2024-12-20,5,0.5436927349527811,1,0,0,-0.0049565314893486034
2024-12-23,5,0.46509198442638466,0,0,1,-0.01447810677195771
2024-12-24,5,0.5219635514129729,1,0,0,-0.027706591522944413
2024-12-26,5,0.44848224484717053,0,0,1,-0.015615149880409351
2024-12-27,5,0.5005268128738787,1,1,1,0.000588184366974609
2024-12-30,5,0.5045955479824052,1,1,1,0.0006970762641693717
2024-12-31,5,0.5111008318302656,1,1,1,0.005818272326470586
2025-01-02,5,0.5339766088172915,1,0,0,-0.007098426912427569
2025-01-03,5,0.5301140905943174,1,0,0,-0.017839340047011376
2025-01-06,5,0.4990421476395307,0,0,1,-0.022121041444159717
2025-01-07,5,0.5215470645002557,1,1,1,0.007050310686912198
2025-01-08,5,0.5042267430117835,1,1,1,0.003647261954707215
2025-01-10,5,0.46017278787572147,0,1,0,0.029440691731081436
2025-01-13,5,0.4962544366430859,0,1,0,0.037255495620489576
2025-01-14,5,0.5103309455644678,1,1,1,0.04165306841118532
2025-01-15,5,0.5379185603659038,1,1,1,0.028627770613753434
2025-01-16,5,0.5532619472835126,1,1,1,0.02760116903923593
2025-01-17,5,0.5397329328641522,1,1,1,0.00299537798479399
2025-01-21,5,0.6006204352704273,1,1,1,0.0024376615007675184
2025-01-22,5,0.5704888324741905,1,0,0,-0.0076347286857282315
2025-01-23,5,0.5762556245423263,1,0,0,-0.007724513280289003
2025-01-24,5,0.6591439707690899,1,0,0,-0.010115570957877629
2025-01-27,5,0.4928889010948202,0,0,1,-0.0026694288986299775
2025-01-28,5,0.5609854509629687,1,0,0,-0.004532505369300499
2025-01-29,5,0.5722934841435802,1,1,1,0.004004541556816843
2025-01-30,5,0.5524984183191146,1,1,1,0.002115611105646842
2025-01-31,5,0.5108499544271601,1,0,0,-0.001744687415157764
2025-02-03,5,0.48846114925482786,0,1,0,0.011843946372953607
2025-02-04,5,0.51555797696848,1,1,1,0.0058658780449114545
2025-02-05,5,0.49513064030328324,0,0,1,-0.001423298456291855
2025-02-06,5,0.513693273039908,1,1,1,0.005624048527740344
2025-02-07,5,0.5130752946889988,1,1,1,0.01486424486153437
2025-02-10,5,0.4999392431297431,0,1,0,0.010977953073413094
2025-02-11,5,0.48779796458342056,0,1,0,0.012588582954058847
2025-02-12,5,0.5063529044745071,1,1,1,0.011634877522014753
2025-02-13,5,0.5002494863015525,1,0,0,-0.01605625168671776
2025-02-14,5,0.5242883708499471,1,0,0,-0.02048546823734332
2025-02-18,5,0.5246332765900693,1,0,0,-0.028209783112538522
2025-02-19,5,0.4834909640014577,0,0,1,-0.03000345042368513
2025-02-20,5,0.5202982842212542,1,0,0,-0.041498766157497036
2025-02-21,5,0.511044868020038,1,0,0,-0.009600976334608657
2025-02-24,5,0.5216050837249778,1,0,0,-0.02250464986674594
2025-02-25,5,0.5255722705325585,1,0,0,-0.02924745080848168
2025-02-26,5,0.5140903785525951,1,0,0,-0.019309013511320194
2025-02-27,5,0.5570424853911259,1,0,0,-0.021092156358918257
2025-02-28,5,0.4827183495348338,0,0,1,-0.03073144500102465
2025-03-03,5,0.532871768329973,1,0,0,-0.039724551904921634
2025-03-04,5,0.5611696810640812,1,0,0,-0.036299973950601805
2025-03-05,5,0.46927429625618167,0,0,1,-0.041488015886350205
2025-03-06,5,0.5292432135695802,1,0,0,-0.03717420377797487
2025-03-07,5,0.4770723409274044,0,0,1,-0.02276355351539805
2025-03-10,5,0.5286156449338817,1,1,1,0.011720016989413606
2025-03-11,5,0.5212306283858718,1,1,1,0.00917404802467403
2025-03-12,5,0.5716286530707616,1,1,1,0.014779841175572406
2025-03-13,5,0.531287408633179,1,1,1,0.025515954735559898
2025-03-14,5,0.4554510794611734,0,1,0,0.0020788239640936457
2025-03-17,5,0.4640477718845519,0,1,0,0.012218976245202073
2025-03-18,5,0.49955771566992835,0,1,0,0.02573883629584439
2025-03-19,5,0.44074036801798344,0,1,0,0.002574404387152729
2025-03-20,5,0.5041782233193641,1,1,1,0.002811768347676269
2025-03-21,5,0.49775774663671507,0,0,1,-0.01475230967826835
2025-03-24,5,0.5326255996087316,1,0,0,-0.02558877160691564
2025-03-25,5,0.4756884597500776,0,0,1,-0.025179944246795594
2025-03-26,5,0.5555792762071048,1,0,0,-0.0071580701946665215
2025-03-27,5,0.524019935901987,1,0,0,-0.053572695152824146
2025-03-28,5,0.5172963952881886,1,0,0,-0.09066691286062845
2025-03-31,5,0.4880815131274485,0,0,1,-0.09833927729331637
2025-04-01,5,0.5232171658052477,1,0,0,-0.11496151859245618
2025-04-02,5,0.4869336279805983,0,0,1,-0.028165563423711903
2025-04-03,5,0.551686431095885,1,0,0,-0.02258243868366494
2025-04-04,5,0.5398561708831778,1,1,1,0.05672103335051637
2025-04-07,5,0.5657099775733784,1,1,1,0.06887662059967359
2025-04-08,5,0.5453617822018334,1,1,1,0.08284316277612835
2025-04-09,5,0.3701014137882833,0,0,1,-0.041850501580336874
2025-04-10,5,0.3187313410835358,0,1,0,0.003488421203764691
2025-04-11,5,0.3312827923950536,0,0,1,-0.037569759648782064
2025-04-14,5,0.3405150308339969,0,0,1,-0.02201735276876038
2025-04-15,5,0.38045595932871784,0,0,1,-0.0040735895929725485
2025-04-16,5,0.4963050890984283,0,1,0,0.04000690631069359
2025-04-17,5,0.5231948374614547,1,1,1,0.04602884204333568
2025-04-21,5,0.5763251272327368,1,1,1,0.07194280834405253
2025-04-22,5,0.5470703576780688,1,1,1,0.05134188207533197
2025-04-23,5,0.5329463985778979,1,1,1,0.035710275535972835
2025-04-24,5,0.38618519417729724,0,1,0,0.021547802610458966
2025-04-25,5,0.345938496061388,0,1,0,0.029275015778647218
2025-04-28,5,0.41331011802821876,0,1,0,0.02298272622454256
2025-04-29,5,0.44609308547603965,0,1,0,0.008081938969469071
2025-04-30,5,0.451962731694046,0,1,0,0.011919873496285316
2025-05-01,5,0.5246178389315377,1,1,1,0.011800145399352147
2025-05-02,5,0.488842559618261,0,0,1,-0.0042698547329707015
2025-05-05,5,0.5805852353354392,1,1,1,0.03456900521936079
2025-05-06,5,0.5909699881471078,1,1,1,0.05017902590378842
2025-05-07,5,0.5708165764098502,1,1,1,0.04711752880883169
2025-05-08,5,0.5279915575595162,1,1,1,0.044951022057491574
2025-05-09,5,0.5968964337244445,1,1,1,0.05291133701421802
2025-05-12,5,0.4552696520544018,0,1,0,0.020343377331049073
2025-05-13,5,0.4224503159266042,0,1,0,0.010241204511342694
2025-05-14,5,0.4714890932973876,0,0,1,-0.008049900930448772
2025-05-15,5,0.3936681944919316,0,0,1,-0.012481785121650102
2025-05-16,5,0.376423134883787,0,0,1,-0.02539553440838882
2025-05-19,5,0.3790425709263534,0,0,1,-0.006219973646683696
2025-05-20,5,0.4530003268146964,0,0,1,-0.008636240748980728
2025-05-21,5,0.4170460016358462,0,1,0,0.012335728343179087
2025-05-22,5,0.42318363168873546,0,1,0,0.010804485590233393
2025-05-23,5,0.4138093004364948,0,1,0,0.023484375965020732
2025-05-27,5,0.4862743471511374,0,1,0,0.008356596866087695
2025-05-28,5,0.4377345386437781,0,1,0,0.013952005988347338
2025-05-29,5,0.4663841171419984,0,1,0,0.005084314993753836
2025-05-30,5,0.43239434646781105,0,1,0,0.01654252660832012
2025-06-02,5,0.4650580384892757,0,1,0,0.011759495275493359
2025-06-03,5,0.476807839540234,0,1,0,0.011726400240663404
2025-06-04,5,0.4585375687689923,0,1,0,0.00911179625546299
2025-06-05,5,0.5114923120325853,1,1,1,0.01804234453633713
2025-06-06,5,0.49119258831389795,0,0,1,-0.0035718105887039275
2025-06-09,5,0.49050544611408403,0,1,0,0.005002668150748235
2025-06-10,5,0.483965786900783,0,0,1,-0.009202738667664967
2025-06-11,5,0.43461315637546893,0,0,1,-0.0065185296754731725
2025-06-12,5,0.45089516591204515,0,0,1,-0.01568525168219459
2025-06-13,5,0.49254773397782314,0,1,0,0.005276422804124881
2025-06-16,5,0.4610490023468614,0,1,0,0.006803007683879425
2025-06-17,5,0.5044279726912307,1,1,1,0.01604934538871161
2025-06-18,5,0.5408597132077295,1,1,1,0.02415304066820756
2025-06-20,5,0.5269171850865584,1,1,1,0.034714179899440145
2025-06-23,5,0.48956128933967497,0,1,0,0.02949254428366599
2025-06-24,5,0.5291236803018619,1,1,1,0.01791422689006983
2025-06-25,5,0.4886779657552465,0,1,0,0.02195614902663645
2025-06-26,5,0.4133130411028087,0,1,0,0.02201453224667671
2025-06-27,5,0.3770725652884903,0,1,0,0.009383519186952238
2025-06-30,5,0.32995966087446277,0,1,0,0.004030187534068919
2025-07-01,5,0.4263310480978233,0,1,0,0.010378001928538882
2025-07-02,5,0.3670691800921063,0,1,0,0.008655000421525783
2025-07-03,5,0.46201775967957753,0,0,1,-0.002750554361489521
2025-07-07,5,0.49090906587275585,0,1,0,0.006654000340832411
2025-07-08,5,0.5180678833471438,1,1,1,0.002901614783900053
2025-07-09,5,0.45312897843462885,0,1,0,0.0002563425714787737
2025-07-10,5,0.46472292796395265,0,1,0,0.0035472990271065985
2025-07-11,5,0.5086183163290369,1,1,1,0.006350056129794446
2025-07-14,5,0.457310583876494,0,1,0,0.006337961921431878
2025-07-15,5,0.5710219417080614,1,1,1,0.01080137998666153
2025-07-16,5,0.49916237360317955,0,1,0,0.016004055843132248
2025-07-17,5,0.4100631673369302,0,1,0,0.010158596755021732
2025-07-18,5,0.45999013500955194,0,1,0,0.015169314249741106
2025-07-21,5,0.4553275620979553,0,1,0,0.012993594885848614
2025-07-22,5,0.43113789195877045,0,1,0,0.010177185006428058
2025-07-23,5,0.4010444916124725,0,1,0,0.00039419118484196325
2025-07-24,5,0.40020498441804925,0,0,1,-0.00368835453381966
2025-07-25,5,0.42362773778003693,0,0,1,-0.02414064585180309
2025-07-28,5,0.4719872789194974,0,0,1,-0.00905896867700784
2025-07-29,5,0.5691444583462161,1,0,0,-0.011475677597255984
2025-07-30,5,0.5383269646466498,1,0,0,-0.0026479094310116746
2025-07-31,5,0.4974676536540911,0,1,0,0.00026892625231034195
2025-08-01,5,0.5172345337708196,1,1,1,0.02486653590228416
2025-08-04,5,0.5482379482522114,1,1,1,0.007525706431885437
2025-08-05,5,0.5230617483784216,1,1,1,0.02344066185489657
2025-08-06,5,0.5022703137851919,1,1,1,0.019137748966285617
2025-08-07,5,0.5103408826349948,1,1,1,0.020087010212781697
2025-08-08,5,0.4776181246904842,0,1,0,0.009824554815879738
2025-08-11,5,0.4897373440945201,0,1,0,0.011605241352912632
2025-08-12,5,0.5169473907677226,1,0,0,-0.004481172683365453
2025-08-13,5,0.563469587425104,1,0,0,-0.010513466083935441
2025-08-14,5,0.5291294294865166,1,0,0,-0.014574810816570749
2025-08-15,5,0.5282677354031332,1,1,1,0.002906246285733216
2025-08-18,5,0.5493996563323066,1,0,0,-0.001290248881694156
2025-08-19,5,0.5481491660583592,1,1,1,0.008361819300029882
2025-08-20,5,0.5035522411573026,1,1,1,0.013351960832513665
2025-08-21,5,0.504718737758839,1,1,1,0.021036889896916877
2025-08-22,5,0.5115146245237763,1,0,0,-0.00040292226466143166
2025-08-25,5,0.5237139362211682,1,0,0,-0.0034242085578993775
2025-08-26,5,0.5145399497724797,1,0,0,-0.0022009780043160676
2025-08-27,5,0.5025434248604482,1,1,1,0.0038507186730782905
2025-08-28,5,0.5051924254082104,1,0,0,-0.0025889057511330194
2025-08-29,5,0.5525730244606379,1,1,1,0.005860056380759371
2025-09-02,5,0.5334309742546957,1,1,1,0.015712117156381655
2025-09-03,5,0.535975238019143,1,1,1,0.013157535444081159
2025-09-04,5,0.4628405272278691,0,1,0,0.013110071835159998
2025-09-05,5,0.4911879725648762,0,1,0,0.015712846955691973
2025-09-08,5,0.45563494219586226,0,1,0,0.018618059794565323
2025-09-09,5,0.4707323112073417,0,1,0,0.014869347340644712
2025-09-10,5,0.4896569806180348,0,1,0,0.010686696720856537
2025-09-11,5,0.4794418925529226,0,1,0,0.0070404404428559
2025-09-12,5,0.43595523662161845,0,1,0,0.009567909401211772
2025-09-15,5,0.42046412645151887,0,1,0,0.008972558974595257
2025-09-16,5,0.5035865529990157,1,1,1,0.0048636696555397485
2025-09-17,5,0.5330075178430019,1,1,1,0.0029126838367203867
2025-09-18,5,0.43668183665843907,0,0,1,-0.0063570529861015634
2025-09-19,5,0.4487824874827119,0,0,1,-0.0028326123975210837
2025-09-22,5,0.46800427969995445,0,0,1,-0.004738818985700166
2025-09-23,5,0.5502102167637094,1,1,1,0.004478175245740568
2025-09-24,5,0.5939375180947324,1,1,1,0.011117889717934704
2025-09-25,5,0.5392865576655137,1,1,1,0.016974368387452143
2025-09-26,5,0.5366666126469781,1,1,1,0.01116620012488867
2025-09-29,5,0.4703558670101304,0,1,0,0.011948518507857386
2025-09-30,5,0.47087076781965254,0,1,0,0.004413225365111018
2025-10-01,5,0.4640169496004951,0,1,0,0.006971311331336993
2025-10-02,5,0.42438361296541566,0,1,0,0.0028989009986775116
2025-10-03,5,0.44139593073273536,0,0,1,-0.02419270768492432
2025-10-06,5,0.42776115896890565,0,0,1,-0.012760392952961608
2025-10-07,5,0.481384000152481,0,0,1,-0.010297128614772277
2025-10-08,5,0.44171311429776877,0,0,1,-0.011795995623596678
2025-10-09,5,0.5354656478155609,1,0,0,-0.015674293636441794
2025-10-10,5,0.5027552802999872,1,1,1,0.017411403597318742
2025-10-13,5,0.5545602007983425,1,1,1,0.012457785411672972
2025-10-14,5,0.5125793195305083,1,1,1,0.013681044087102023
2025-10-15,5,0.4847894799109075,0,1,0,0.003953883894919796
2025-10-16,5,0.5394532453347999,1,1,1,0.016832154987016734
2025-10-17,5,0.46284269297784675,0,1,0,0.019356078610494043
2025-10-20,5,0.5292401333240438,1,1,1,0.020765682548627318
2025-10-21,5,0.5320848292454674,1,1,1,0.02349211227254111
2025-10-22,5,0.5027214264972513,1,1,1,0.02933517102959593
2025-10-23,5,0.4977965157195663,0,1,0,0.012013229735176267
2025-10-24,5,0.5394422586190196,1,1,1,0.007102248148532775
2025-10-27,5,0.587788297458778,1,0,0,-0.0027726977496692617
2025-10-28,5,0.6057395841764993,1,0,0,-0.017203748386196427
2025-10-29,5,0.5656758920226174,1,0,0,-0.014271370473152745
2025-10-30,5,0.5380351466975816,1,0,0,-0.014003529252801239
2025-10-31,5,0.5624720769022218,1,0,0,-0.0162596060393001
2025-11-03,5,0.6195524482213728,1,0,0,-0.0027804962967058477
2025-11-04,5,0.5308238172600721,1,1,1,0.011492224805778273
2025-11-05,5,0.4977005096082312,0,1,0,0.008559856617199602
2025-11-06,5,0.5170835764316227,1,1,1,0.002580866278365068
2025-11-07,5,0.49835238404461457,0,1,0,0.0014307972257687762
2025-11-10,5,0.5054393082265577,1,0,0,-0.023142198102181433
2025-11-11,5,0.504068553210725,1,0,0,-0.03355780806757869
2025-11-12,5,0.5169322072074093,1,0,0,-0.030363779817582204
2025-11-13,5,0.5059812795439838,1,0,0,-0.029030934718700552
2025-11-14,5,0.4975831440781341,0,0,1,-0.019198374115636074
2025-11-17,5,0.5243469775376697,1,1,1,0.004596868774548124
2025-11-18,5,0.5249843893878527,1,1,1,0.022633623279907145
2025-11-19,5,0.4957975498330289,0,1,0,0.025730781382264922
2025-11-20,5,0.5304971894566229,1,1,1,0.04729282020141712
2025-11-21,5,0.5072159233822962,1,1,1,0.032229169066902985
2025-11-24,5,0.49440373135109583,0,1,0,0.019140832925051088
2025-11-25,5,0.49915314598255867,0,1,0,0.01314034378320672
2025-11-26,5,0.5373946717769448,1,1,1,0.006929764041035957
2025-11-28,5,0.5648686399208335,1,1,1,0.003365556627501931
2025-12-01,5,0.5611358725161906,1,1,1,0.004939193636488204
2025-12-02,5,0.574459573111851,1,1,1,0.0022155278059083905
2025-12-03,5,0.5813641290243715,1,1,1,0.005380971496817377
2025-12-04,5,0.5666331068407103,1,1,1,0.006984275280775609
2025-12-05,5,0.47100228708942554,0,0,1,-0.005731442287022492
2025-12-08,5,0.543911820237973,1,0,0,-0.0042420964459563
2025-12-09,5,0.5384487459566156,1,0,0,-0.006105034909083096
2025-12-10,5,0.5004193839320589,1,0,0,-0.023517580374228575
2025-12-11,5,0.47770020829339055,0,0,1,-0.018427982242353202
2025-12-12,5,0.4630639360922939,0,0,1,-0.001716121352671407
2025-12-15,5,0.4996684770458097,0,1,0,0.00602299992468458
2025-12-16,5,0.5053910715975308,1,1,1,0.013389937573982102
2025-12-17,5,0.5102948377448923,1,1,1,0.02826925793652446
2025-12-18,5,0.5096800457846523,1,1,1,0.020459188810825424
2025-12-19,5,0.4283228261073912,0,1,0,0.010667139458407693
2025-12-22,5,0.47529524667285505,0,1,0,0.0031832609864927974
2025-12-23,5,0.4318386785748926,0,0,1,-0.008779636707930805
2025-12-24,5,0.44878539823755376,0,0,1,-0.01044355560946486
2025-12-26,5,0.45519973973487704,0,0,1,-0.0037519764520705934
2025-12-29,5,0.5179612846999183,1,1,1,0.005757101276747001
2025-12-30,5,0.4234696292852725,0,1,0,0.0037408586304230607
2025-12-31,5,0.5740185949570894,1,1,1,0.011130377530627067
2026-01-02,5,0.4787683674023644,0,1,0,0.015955069289828483
2026-01-05,5,0.4599297236864059,0,1,0,0.010818360318662235
2026-01-06,5,0.44278386431296846,0,1,0,0.002833179600718605
2026-01-07,5,0.44251517459862205,0,1,0,0.0011310772388828383
2026-01-08,5,0.46737128829889235,0,1,0,0.003959305057337659
2026-01-09,5,0.4736414231690685,0,0,1,-0.0034723214578579187
2026-01-12,5,0.46899642428033006,0,0,1,-0.02528907982887052
2026-01-13,5,0.46266253739837415,0,0,1,-0.012064509681238067
2026-01-14,5,0.5487789158201642,1,0,0,-0.0019989641811434256
2026-01-15,5,0.5282563933202853,1,0,0,-0.004348217104021779
2026-01-16,5,0.45787196399986274,0,1,0,0.0015470135120789763
2026-01-20,5,0.5021781093565449,1,1,1,0.026432262895610847
2026-01-21,5,0.522089590290621,1,1,1,0.014619139391860436
2026-01-22,5,0.49864268065814826,0,1,0,0.007344186626658145
2026-01-23,5,0.4893068463723639,0,1,0,0.003975436809222188
2026-01-26,5,0.4857151422032655,0,1,0,0.003868740708995677
2026-01-27,5,0.5116534638752199,1,0,0,-0.008569441719055604
2026-01-28,5,0.4617010548333167,0,0,1,-0.013272526955761088
2026-01-29,5,0.48988783457235163,0,0,1,-0.023658554881559435
2026-01-30,5,0.46736980401413036,0,0,1,-0.0019509164314829297
2026-02-02,5,0.47144328851653156,0,0,1,-0.00209942479095937
2026-02-03,5,0.5100845676600515,1,1,1,0.0037561320178520763
2026-02-04,5,0.5146704377965615,1,1,1,0.008408778196593802
2026-02-05,5,0.5359475692244713,1,1,1,0.005386535876101606
2026-02-06,5,0.49605039238851717,0,0,1,-0.0128435249194927
2026-02-09,5,0.498678141600416,0,0,1,-0.01599544120734475
2026-02-10,5,0.49030959271711316,0,0,1,-0.008423419538481358
2026-02-11,5,0.5003367249212645,1,0,0,-0.010809933040035968
2026-02-12,5,0.49202291395836767,0,1,0,0.01197759025143319
2026-02-13,5,0.5084343291853469,1,1,1,0.0009387820292445781
2026-02-17,5,0.48142630797528196,0,1,0,0.006590027327948
2026-02-18,5,0.48028506016653083,0,1,0,0.009995842291675494
2026-02-19,5,0.548835344670733,1,1,1,0.007041852883583166
2026-02-20,5,0.4815829074001088,0,0,1,-0.004989632708108704
2026-02-23,5,0.5008614295647171,1,1,1,0.0058470817988605095
2026-02-24,5,0.4878310493646451,0,0,1,-0.010213077392065895
2026-02-25,5,0.5264379615646074,1,0,0,-0.011570394934386052
2026-02-26,5,0.520178676138542,1,0,0,-0.011591455644671789
2026-02-27,5,0.5075537602338012,1,0,0,-0.019839918286435276
2026-03-02,5,0.5075994902093126,1,0,0,-0.011815590917376939
2026-03-03,5,0.4960350965584796,0,0,1,-0.004630141747290484
2026-03-04,5,0.5310523552650165,1,0,0,-0.012844259819673076
2026-03-05,5,0.5279819455075614,1,0,0,-0.022383349803535624
2026-03-06,5,0.5245564666739039,1,0,0,-0.01500643502512733
2026-03-09,5,0.509321517222524,1,0,0,-0.0136228787478484
2026-03-10,5,0.5071173658625879,1,0,0,-0.009436212997357307
2026-03-11,5,0.5443132218026465,1,0,0,-0.022030701044698953
2026-03-12,5,0.5180356141059055,1,0,0,-0.009398567379171108
2026-03-13,5,0.5327515618981242,1,0,0,-0.020715956995137508
2026-03-16,5,0.5286639397236017,1,0,0,-0.020402708124190094
2026-03-17,5,0.4989333343125205,0,0,1,-0.02625260652126893
2026-03-18,5,0.5049273831202483,1,0,0,-0.006969725296116391
2026-03-19,5,0.48470411673561875,0,0,1,-0.022294575946727124
2026-03-20,5,0.5627204364328804,1,0,0,-0.022326009999274476
2026-03-23,5,0.5245561169141549,1,0,0,-0.035719787001853076
2026-03-24,5,0.501073174999509,1,0,0,-0.004347906935542323
2026-03-25,5,0.46613354484912506,0,0,1,-0.002405555665517034
2026-03-26,5,0.525075230598236,1,1,1,0.01664882386529487
2026-03-27,5,0.5394707724569415,1,1,1,0.03917419414952317
2026-03-30,5,0.5561716335621231,1,1,1,0.04311913740091455
2026-03-31,5,0.43527483922408305,0,1,0,0.03947163306905166
2026-04-01,5,0.5147531970680455,1,1,1,0.03765030107721601
2026-04-02,5,0.5164326803368298,1,1,1,0.03603068518831676
2026-04-06,5,0.48885825435523655,0,1,0,0.0412334894634625
2026-04-07,5,0.5099080474874271,1,1,1,0.053457196134310214
2026-04-08,5,0.5056263503706192,1,1,1,0.035398873286029975
2026-04-09,5,0.5369467498947911,1,1,1,0.03198952928930865
2026-04-10,5,0.5402478196099356,1,1,1,0.045153492013715546
2026-04-13,5,0.5673594139814068,1,1,1,0.032968949019229754
2026-04-14,5,0.5154624010815138,1,1,1,0.013852482234846697
2026-04-15,5,0.5263379540309641,1,1,1,0.01610140796631132
2026-04-16,5,0.5953611959297719,1,1,1,0.009677107605368995
2026-04-17,5,0.49155815004095815,0,1,0,0.0053510402379592925
2026-04-20,5,0.6099285193159062,1,1,1,0.00910093192468131
2026-04-21,5,0.6119698730990898,1,1,1,0.010808409792706142
2026-04-22,5,0.5761047215162421,1,1,1,0.0005202332725307013
2026-04-23,5,0.5712913781124976,1,1,1,0.014411688561756009
2026-04-24,5,0.5356944752825913,1,1,1,0.009398579642141414
2026-04-27,5,0.55267779506345,1,1,1,0.003971121444320325
2026-04-28,5,0.5833760174222763,1,1,1,0.016973706316519843
2026-04-29,5,0.5564692934044013,1,1,1,0.03126844411819785
2026-04-30,5,0.37998208581291637,0,1,0,0.017977965140844265
2026-05-01,5,0.47729809080835656,0,1,0,0.02354814421455509
2026-05-04,5,0.45320050957419583,0,1,0,0.02965136660740053
2026-05-05,5,0.40042270739620134,0,1,0,0.01990960216045412
2026-05-06,5,0.3216978815459894,0,1,0,0.011555783044115753
2026-05-07,5,0.30817284348657015,0,1,0,0.022676898538461776
2026-05-08,5,0.307941421059935,0,1,0,0.0021013364648858612
2026-05-11,5,0.27918845109882506,0,0,1,-0.0008791605432681981
2026-05-12,5,0.2523668152739818,0,0,1,-0.006028356567753468
2026-05-13,5,0.27063475832768225,0,0,1,-0.0014279715510771007
2026-05-14,5,0.2653162879980189,0,0,1,-0.0072844571842247685
2026-05-15,5,0.39884035564329723,0,1,0,0.008753104005669199
2026-05-18,5,0.4417011327671297,0,1,0,0.016164627424033018
2026-05-19,5,0.4447335216208292,0,1,0,0.022801360104187207
2026-05-20,5,0.48078189626707996,0,1,0,0.018010085107504237
2026-05-21,5,0.4410276601892446,0,1,0,0.01852651107872938
2026-05-22,5,0.43879053277528685,0,1,0,0.017300524550024843
2026-05-26,5,0.4636698382044178,0,1,0,0.011963895265662883
2026-05-27,5,0.4018895859615535,0,1,0,0.005036868255530402
2026-05-28,5,0.42633849899388876,0,1,0,0.003299829512448227
2026-05-29,5,0.3669250036154306,0,0,1,-0.025023785380349883
2026-06-01,5,0.3550212411387369,0,0,1,-0.02546999220062507
2026-06-02,5,0.3790351251744935,0,0,1,-0.029648379101463673
2026-06-03,5,0.4638331235257223,0,0,1,-0.0381973880086115
2026-06-04,5,0.4159762543011622,0,0,1,-0.02553199276726692
2026-06-05,5,0.49158526363014926,0,1,0,0.005694545829495912
2026-06-08,5,0.5023855202695836,1,1,1,0.021116916486808357
2026-06-09,5,0.5112101421913872,1,1,1,0.018017813603987465
2026-06-10,5,0.5425380606741995,1,1,1,0.02140803310267314
2026-06-11,5,0.49134569881203644,0,1,0,0.012171953412875913
2026-06-12,5,0.46158826445377876,0,1,0,0.0035591704057127416
2026-06-15,5,0.544318315705266,1,0,0,-0.02815203359549323
2026-06-16,5,0.4835350521127755,0,0,1,-0.02277668021566359
2026-06-17,5,0.4591740969508162,0,0,1,-0.008988385313902003
2026-06-18,5,0.5110612806812338,1,0,0,-0.02376998718714518
2026-06-22,5,0.4920723316072943,0,0,1,-0.004554083990552349
2026-06-23,5,0.495230365032895,0,1,0,0.017980318621180214
2026-06-24,5,0.49352735136432324,0,1,0,0.017074927306198973
2026-06-25,5,0.5057251732021852,1,1,1,0.014272152632611723
2026-06-26,5,0.4918226327238299,0,1,0,0.03057660511268967
2026-06-29,5,0.4899328085234132,0,1,0,0.009055360286985392
2026-06-30,5,0.47669286496372293,0,0,1,-0.0018345609509704541
2026-07-01,5,0.4810313486642095,0,1,0,0.00797845436751321
2026-07-02,5,0.4792096894503704,0,1,0,0.013655015588639463
2026-07-06,5,0.5292695784283954,1,0,0,-0.0028086017256355733
2026-07-07,5,0.555399562264029,1,1,1,0.005510150989173512
2026-07-08,5,0.5256913855058314,1,1,1,0.01262405800419475
2026-07-09,5,0.5347743845684483,1,0,0,-0.0013170654116505531
2026-07-10,5,0.5522685529556646,1,0,0,-0.015444776463544141
